training_seed,checkpoint,category,prompt_family,n,n_hits,threshold,D_pct
17,M0,cat,all,40,40,0.3,100.00
17,M0,cat,all,40,40,0.5,100.00
17,M0,cat,all,40,40,0.7,100.00
17,M0,cat,literal,20,20,0.3,100.00
17,M0,cat,literal,20,20,0.5,100.00
17,M0,cat,literal,20,20,0.7,100.00
17,M0,cat,paraphrase,20,20,0.3,100.00
17,M0,cat,paraphrase,20,20,0.5,100.00
17,M0,cat,paraphrase,20,20,0.7,100.00
17,M0,dog,all,40,40,0.3,100.00
17,M0,dog,all,40,40,0.5,100.00
17,M0,dog,all,40,40,0.7,100.00
17,M0,dog,literal,20,20,0.3,100.00
17,M0,dog,literal,20,20,0.5,100.00
17,M0,dog,literal,20,20,0.7,100.00
17,M0,dog,paraphrase,20,20,0.3,100.00
17,M0,dog,paraphrase,20,20,0.5,100.00
17,M0,dog,paraphrase,20,20,0.7,100.00
17,M0,sandwich,all,40,39,0.3,97.50
17,M0,sandwich,all,40,38,0.5,95.00
17,M0,sandwich,all,40,34,0.7,85.00
17,M0,sandwich,literal,20,20,0.3,100.00
17,M0,sandwich,literal,20,20,0.5,100.00
17,M0,sandwich,literal,20,20,0.7,100.00
17,M0,sandwich,paraphrase,20,19,0.3,95.00
17,M0,sandwich,paraphrase,20,18,0.5,90.00
17,M0,sandwich,paraphrase,20,14,0.7,70.00
17,M0,horse,all,40,38,0.3,95.00
17,M0,horse,all,40,37,0.5,92.50
17,M0,horse,all,40,36,0.7,90.00
17,M0,horse,literal,20,18,0.3,90.00
17,M0,horse,literal,20,17,0.5,85.00
17,M0,horse,literal,20,16,0.7,80.00
17,M0,horse,paraphrase,20,20,0.3,100.00
17,M0,horse,paraphrase,20,20,0.5,100.00
17,M0,horse,paraphrase,20,20,0.7,100.00
17,M0,bird,all,40,37,0.3,92.50
17,M0,bird,all,40,37,0.5,92.50
17,M0,bird,all,40,36,0.7,90.00
17,M0,bird,literal,20,18,0.3,90.00
17,M0,bird,literal,20,18,0.5,90.00
17,M0,bird,literal,20,18,0.7,90.00
17,M0,bird,paraphrase,20,19,0.3,95.00
17,M0,bird,paraphrase,20,19,0.5,95.00
17,M0,bird,paraphrase,20,18,0.7,90.00
17,M0,chair,all,40,38,0.3,95.00
17,M0,chair,all,40,36,0.5,90.00
17,M0,chair,all,40,36,0.7,90.00
17,M0,chair,literal,20,19,0.3,95.00
17,M0,chair,literal,20,19,0.5,95.00
17,M0,chair,literal,20,19,0.7,95.00
17,M0,chair,paraphrase,20,19,0.3,95.00
17,M0,chair,paraphrase,20,17,0.5,85.00
17,M0,chair,paraphrase,20,17,0.7,85.00
17,M0,bicycle,all,40,37,0.3,92.50
17,M0,bicycle,all,40,36,0.5,90.00
17,M0,bicycle,all,40,35,0.7,87.50
17,M0,bicycle,literal,20,18,0.3,90.00
17,M0,bicycle,literal,20,17,0.5,85.00
17,M0,bicycle,literal,20,17,0.7,85.00
17,M0,bicycle,paraphrase,20,19,0.3,95.00
17,M0,bicycle,paraphrase,20,19,0.5,95.00
17,M0,bicycle,paraphrase,20,18,0.7,90.00
17,MA,cat,all,40,8,0.3,20.00
17,MA,cat,all,40,7,0.5,17.50
17,MA,cat,all,40,7,0.7,17.50
17,MA,cat,literal,20,3,0.3,15.00
17,MA,cat,literal,20,3,0.5,15.00
17,MA,cat,literal,20,3,0.7,15.00
17,MA,cat,paraphrase,20,5,0.3,25.00
17,MA,cat,paraphrase,20,4,0.5,20.00
17,MA,cat,paraphrase,20,4,0.7,20.00
17,MA,dog,all,40,39,0.3,97.50
17,MA,dog,all,40,37,0.5,92.50
17,MA,dog,all,40,37,0.7,92.50
17,MA,dog,literal,20,19,0.3,95.00
17,MA,dog,literal,20,17,0.5,85.00
17,MA,dog,literal,20,17,0.7,85.00
17,MA,dog,paraphrase,20,20,0.3,100.00
17,MA,dog,paraphrase,20,20,0.5,100.00
17,MA,dog,paraphrase,20,20,0.7,100.00
17,MA,sandwich,all,40,37,0.3,92.50
17,MA,sandwich,all,40,35,0.5,87.50
17,MA,sandwich,all,40,31,0.7,77.50
17,MA,sandwich,literal,20,20,0.3,100.00
17,MA,sandwich,literal,20,19,0.5,95.00
17,MA,sandwich,literal,20,18,0.7,90.00
17,MA,sandwich,paraphrase,20,17,0.3,85.00
17,MA,sandwich,paraphrase,20,16,0.5,80.00
17,MA,sandwich,paraphrase,20,13,0.7,65.00
17,MA,horse,all,40,40,0.3,100.00
17,MA,horse,all,40,40,0.5,100.00
17,MA,horse,all,40,40,0.7,100.00
17,MA,horse,literal,20,20,0.3,100.00
17,MA,horse,literal,20,20,0.5,100.00
17,MA,horse,literal,20,20,0.7,100.00
17,MA,horse,paraphrase,20,20,0.3,100.00
17,MA,horse,paraphrase,20,20,0.5,100.00
17,MA,horse,paraphrase,20,20,0.7,100.00
17,MA,bird,all,40,37,0.3,92.50
17,MA,bird,all,40,36,0.5,90.00
17,MA,bird,all,40,34,0.7,85.00
17,MA,bird,literal,20,18,0.3,90.00
17,MA,bird,literal,20,17,0.5,85.00
17,MA,bird,literal,20,16,0.7,80.00
17,MA,bird,paraphrase,20,19,0.3,95.00
17,MA,bird,paraphrase,20,19,0.5,95.00
17,MA,bird,paraphrase,20,18,0.7,90.00
17,MA,chair,all,40,37,0.3,92.50
17,MA,chair,all,40,36,0.5,90.00
17,MA,chair,all,40,33,0.7,82.50
17,MA,chair,literal,20,19,0.3,95.00
17,MA,chair,literal,20,19,0.5,95.00
17,MA,chair,literal,20,17,0.7,85.00
17,MA,chair,paraphrase,20,18,0.3,90.00
17,MA,chair,paraphrase,20,17,0.5,85.00
17,MA,chair,paraphrase,20,16,0.7,80.00
17,MA,bicycle,all,40,38,0.3,95.00
17,MA,bicycle,all,40,38,0.5,95.00
17,MA,bicycle,all,40,38,0.7,95.00
17,MA,bicycle,literal,20,20,0.3,100.00
17,MA,bicycle,literal,20,20,0.5,100.00
17,MA,bicycle,literal,20,20,0.7,100.00
17,MA,bicycle,paraphrase,20,18,0.3,90.00
17,MA,bicycle,paraphrase,20,18,0.5,90.00
17,MA,bicycle,paraphrase,20,18,0.7,90.00
17,MAB,cat,all,40,1,0.3,2.50
17,MAB,cat,all,40,0,0.5,0.00
17,MAB,cat,all,40,0,0.7,0.00
17,MAB,cat,literal,20,1,0.3,5.00
17,MAB,cat,literal,20,0,0.5,0.00
17,MAB,cat,literal,20,0,0.7,0.00
17,MAB,cat,paraphrase,20,0,0.3,0.00
17,MAB,cat,paraphrase,20,0,0.5,0.00
17,MAB,cat,paraphrase,20,0,0.7,0.00
17,MAB,dog,all,40,6,0.3,15.00
17,MAB,dog,all,40,4,0.5,10.00
17,MAB,dog,all,40,3,0.7,7.50
17,MAB,dog,literal,20,5,0.3,25.00
17,MAB,dog,literal,20,4,0.5,20.00
17,MAB,dog,literal,20,3,0.7,15.00
17,MAB,dog,paraphrase,20,1,0.3,5.00
17,MAB,dog,paraphrase,20,0,0.5,0.00
17,MAB,dog,paraphrase,20,0,0.7,0.00
17,MAB,sandwich,all,40,33,0.3,82.50
17,MAB,sandwich,all,40,33,0.5,82.50
17,MAB,sandwich,all,40,31,0.7,77.50
17,MAB,sandwich,literal,20,19,0.3,95.00
17,MAB,sandwich,literal,20,19,0.5,95.00
17,MAB,sandwich,literal,20,19,0.7,95.00
17,MAB,sandwich,paraphrase,20,14,0.3,70.00
17,MAB,sandwich,paraphrase,20,14,0.5,70.00
17,MAB,sandwich,paraphrase,20,12,0.7,60.00
17,MAB,horse,all,40,40,0.3,100.00
17,MAB,horse,all,40,39,0.5,97.50
17,MAB,horse,all,40,39,0.7,97.50
17,MAB,horse,literal,20,20,0.3,100.00
17,MAB,horse,literal,20,19,0.5,95.00
17,MAB,horse,literal,20,19,0.7,95.00
17,MAB,horse,paraphrase,20,20,0.3,100.00
17,MAB,horse,paraphrase,20,20,0.5,100.00
17,MAB,horse,paraphrase,20,20,0.7,100.00
17,MAB,bird,all,40,18,0.3,45.00
17,MAB,bird,all,40,18,0.5,45.00
17,MAB,bird,all,40,16,0.7,40.00
17,MAB,bird,literal,20,9,0.3,45.00
17,MAB,bird,literal,20,9,0.5,45.00
17,MAB,bird,literal,20,9,0.7,45.00
17,MAB,bird,paraphrase,20,9,0.3,45.00
17,MAB,bird,paraphrase,20,9,0.5,45.00
17,MAB,bird,paraphrase,20,7,0.7,35.00
17,MAB,chair,all,40,37,0.3,92.50
17,MAB,chair,all,40,33,0.5,82.50
17,MAB,chair,all,40,33,0.7,82.50
17,MAB,chair,literal,20,20,0.3,100.00
17,MAB,chair,literal,20,19,0.5,95.00
17,MAB,chair,literal,20,19,0.7,95.00
17,MAB,chair,paraphrase,20,17,0.3,85.00
17,MAB,chair,paraphrase,20,14,0.5,70.00
17,MAB,chair,paraphrase,20,14,0.7,70.00
17,MAB,bicycle,all,40,38,0.3,95.00
17,MAB,bicycle,all,40,36,0.5,90.00
17,MAB,bicycle,all,40,35,0.7,87.50
17,MAB,bicycle,literal,20,20,0.3,100.00
17,MAB,bicycle,literal,20,19,0.5,95.00
17,MAB,bicycle,literal,20,19,0.7,95.00
17,MAB,bicycle,paraphrase,20,18,0.3,90.00
17,MAB,bicycle,paraphrase,20,17,0.5,85.00
17,MAB,bicycle,paraphrase,20,16,0.7,80.00
17,MAB_L2,cat,all,40,3,0.3,7.50
17,MAB_L2,cat,all,40,2,0.5,5.00
17,MAB_L2,cat,all,40,1,0.7,2.50
17,MAB_L2,cat,literal,20,1,0.3,5.00
17,MAB_L2,cat,literal,20,1,0.5,5.00
17,MAB_L2,cat,literal,20,0,0.7,0.00
17,MAB_L2,cat,paraphrase,20,2,0.3,10.00
17,MAB_L2,cat,paraphrase,20,1,0.5,5.00
17,MAB_L2,cat,paraphrase,20,1,0.7,5.00
17,MAB_L2,dog,all,40,22,0.3,55.00
17,MAB_L2,dog,all,40,20,0.5,50.00
17,MAB_L2,dog,all,40,19,0.7,47.50
17,MAB_L2,dog,literal,20,14,0.3,70.00
17,MAB_L2,dog,literal,20,12,0.5,60.00
17,MAB_L2,dog,literal,20,12,0.7,60.00
17,MAB_L2,dog,paraphrase,20,8,0.3,40.00
17,MAB_L2,dog,paraphrase,20,8,0.5,40.00
17,MAB_L2,dog,paraphrase,20,7,0.7,35.00
17,MAB_L2,sandwich,all,40,37,0.3,92.50
17,MAB_L2,sandwich,all,40,35,0.5,87.50
17,MAB_L2,sandwich,all,40,32,0.7,80.00
17,MAB_L2,sandwich,literal,20,20,0.3,100.00
17,MAB_L2,sandwich,literal,20,19,0.5,95.00
17,MAB_L2,sandwich,literal,20,18,0.7,90.00
17,MAB_L2,sandwich,paraphrase,20,17,0.3,85.00
17,MAB_L2,sandwich,paraphrase,20,16,0.5,80.00
17,MAB_L2,sandwich,paraphrase,20,14,0.7,70.00
17,MAB_L2,horse,all,40,40,0.3,100.00
17,MAB_L2,horse,all,40,40,0.5,100.00
17,MAB_L2,horse,all,40,40,0.7,100.00
17,MAB_L2,horse,literal,20,20,0.3,100.00
17,MAB_L2,horse,literal,20,20,0.5,100.00
17,MAB_L2,horse,literal,20,20,0.7,100.00
17,MAB_L2,horse,paraphrase,20,20,0.3,100.00
17,MAB_L2,horse,paraphrase,20,20,0.5,100.00
17,MAB_L2,horse,paraphrase,20,20,0.7,100.00
17,MAB_L2,bird,all,40,35,0.3,87.50
17,MAB_L2,bird,all,40,34,0.5,85.00
17,MAB_L2,bird,all,40,33,0.7,82.50
17,MAB_L2,bird,literal,20,18,0.3,90.00
17,MAB_L2,bird,literal,20,17,0.5,85.00
17,MAB_L2,bird,literal,20,17,0.7,85.00
17,MAB_L2,bird,paraphrase,20,17,0.3,85.00
17,MAB_L2,bird,paraphrase,20,17,0.5,85.00
17,MAB_L2,bird,paraphrase,20,16,0.7,80.00
17,MAB_L2,chair,all,40,38,0.3,95.00
17,MAB_L2,chair,all,40,35,0.5,87.50
17,MAB_L2,chair,all,40,33,0.7,82.50
17,MAB_L2,chair,literal,20,19,0.3,95.00
17,MAB_L2,chair,literal,20,19,0.5,95.00
17,MAB_L2,chair,literal,20,19,0.7,95.00
17,MAB_L2,chair,paraphrase,20,19,0.3,95.00
17,MAB_L2,chair,paraphrase,20,16,0.5,80.00
17,MAB_L2,chair,paraphrase,20,14,0.7,70.00
17,MAB_L2,bicycle,all,40,38,0.3,95.00
17,MAB_L2,bicycle,all,40,37,0.5,92.50
17,MAB_L2,bicycle,all,40,37,0.7,92.50
17,MAB_L2,bicycle,literal,20,20,0.3,100.00
17,MAB_L2,bicycle,literal,20,19,0.5,95.00
17,MAB_L2,bicycle,literal,20,19,0.7,95.00
17,MAB_L2,bicycle,paraphrase,20,18,0.3,90.00
17,MAB_L2,bicycle,paraphrase,20,18,0.5,90.00
17,MAB_L2,bicycle,paraphrase,20,18,0.7,90.00
17,MAC,cat,all,40,10,0.3,25.00
17,MAC,cat,all,40,10,0.5,25.00
17,MAC,cat,all,40,9,0.7,22.50
17,MAC,cat,literal,20,4,0.3,20.00
17,MAC,cat,literal,20,4,0.5,20.00
17,MAC,cat,literal,20,4,0.7,20.00
17,MAC,cat,paraphrase,20,6,0.3,30.00
17,MAC,cat,paraphrase,20,6,0.5,30.00
17,MAC,cat,paraphrase,20,5,0.7,25.00
17,MAC,dog,all,40,38,0.3,95.00
17,MAC,dog,all,40,38,0.5,95.00
17,MAC,dog,all,40,37,0.7,92.50
17,MAC,dog,literal,20,19,0.3,95.00
17,MAC,dog,literal,20,19,0.5,95.00
17,MAC,dog,literal,20,18,0.7,90.00
17,MAC,dog,paraphrase,20,19,0.3,95.00
17,MAC,dog,paraphrase,20,19,0.5,95.00
17,MAC,dog,paraphrase,20,19,0.7,95.00
17,MAC,sandwich,all,40,17,0.3,42.50
17,MAC,sandwich,all,40,15,0.5,37.50
17,MAC,sandwich,all,40,14,0.7,35.00
17,MAC,sandwich,literal,20,7,0.3,35.00
17,MAC,sandwich,literal,20,7,0.5,35.00
17,MAC,sandwich,literal,20,6,0.7,30.00
17,MAC,sandwich,paraphrase,20,10,0.3,50.00
17,MAC,sandwich,paraphrase,20,8,0.5,40.00
17,MAC,sandwich,paraphrase,20,8,0.7,40.00
17,MAC,horse,all,40,40,0.3,100.00
17,MAC,horse,all,40,40,0.5,100.00
17,MAC,horse,all,40,40,0.7,100.00
17,MAC,horse,literal,20,20,0.3,100.00
17,MAC,horse,literal,20,20,0.5,100.00
17,MAC,horse,literal,20,20,0.7,100.00
17,MAC,horse,paraphrase,20,20,0.3,100.00
17,MAC,horse,paraphrase,20,20,0.5,100.00
17,MAC,horse,paraphrase,20,20,0.7,100.00
17,MAC,bird,all,40,39,0.3,97.50
17,MAC,bird,all,40,39,0.5,97.50
17,MAC,bird,all,40,39,0.7,97.50
17,MAC,bird,literal,20,20,0.3,100.00
17,MAC,bird,literal,20,20,0.5,100.00
17,MAC,bird,literal,20,20,0.7,100.00
17,MAC,bird,paraphrase,20,19,0.3,95.00
17,MAC,bird,paraphrase,20,19,0.5,95.00
17,MAC,bird,paraphrase,20,19,0.7,95.00
17,MAC,chair,all,40,34,0.3,85.00
17,MAC,chair,all,40,32,0.5,80.00
17,MAC,chair,all,40,31,0.7,77.50
17,MAC,chair,literal,20,18,0.3,90.00
17,MAC,chair,literal,20,17,0.5,85.00
17,MAC,chair,literal,20,17,0.7,85.00
17,MAC,chair,paraphrase,20,16,0.3,80.00
17,MAC,chair,paraphrase,20,15,0.5,75.00
17,MAC,chair,paraphrase,20,14,0.7,70.00
17,MAC,bicycle,all,40,38,0.3,95.00
17,MAC,bicycle,all,40,38,0.5,95.00
17,MAC,bicycle,all,40,37,0.7,92.50
17,MAC,bicycle,literal,20,20,0.3,100.00
17,MAC,bicycle,literal,20,20,0.5,100.00
17,MAC,bicycle,literal,20,19,0.7,95.00
17,MAC,bicycle,paraphrase,20,18,0.3,90.00
17,MAC,bicycle,paraphrase,20,18,0.5,90.00
17,MAC,bicycle,paraphrase,20,18,0.7,90.00
17,MAC_L2,cat,all,40,14,0.3,35.00
17,MAC_L2,cat,all,40,13,0.5,32.50
17,MAC_L2,cat,all,40,12,0.7,30.00
17,MAC_L2,cat,literal,20,5,0.3,25.00
17,MAC_L2,cat,literal,20,4,0.5,20.00
17,MAC_L2,cat,literal,20,4,0.7,20.00
17,MAC_L2,cat,paraphrase,20,9,0.3,45.00
17,MAC_L2,cat,paraphrase,20,9,0.5,45.00
17,MAC_L2,cat,paraphrase,20,8,0.7,40.00
17,MAC_L2,dog,all,40,38,0.3,95.00
17,MAC_L2,dog,all,40,38,0.5,95.00
17,MAC_L2,dog,all,40,38,0.7,95.00
17,MAC_L2,dog,literal,20,19,0.3,95.00
17,MAC_L2,dog,literal,20,19,0.5,95.00
17,MAC_L2,dog,literal,20,19,0.7,95.00
17,MAC_L2,dog,paraphrase,20,19,0.3,95.00
17,MAC_L2,dog,paraphrase,20,19,0.5,95.00
17,MAC_L2,dog,paraphrase,20,19,0.7,95.00
17,MAC_L2,sandwich,all,40,36,0.3,90.00
17,MAC_L2,sandwich,all,40,32,0.5,80.00
17,MAC_L2,sandwich,all,40,30,0.7,75.00
17,MAC_L2,sandwich,literal,20,19,0.3,95.00
17,MAC_L2,sandwich,literal,20,18,0.5,90.00
17,MAC_L2,sandwich,literal,20,16,0.7,80.00
17,MAC_L2,sandwich,paraphrase,20,17,0.3,85.00
17,MAC_L2,sandwich,paraphrase,20,14,0.5,70.00
17,MAC_L2,sandwich,paraphrase,20,14,0.7,70.00
17,MAC_L2,horse,all,40,40,0.3,100.00
17,MAC_L2,horse,all,40,40,0.5,100.00
17,MAC_L2,horse,all,40,40,0.7,100.00
17,MAC_L2,horse,literal,20,20,0.3,100.00
17,MAC_L2,horse,literal,20,20,0.5,100.00
17,MAC_L2,horse,literal,20,20,0.7,100.00
17,MAC_L2,horse,paraphrase,20,20,0.3,100.00
17,MAC_L2,horse,paraphrase,20,20,0.5,100.00
17,MAC_L2,horse,paraphrase,20,20,0.7,100.00
17,MAC_L2,bird,all,40,39,0.3,97.50
17,MAC_L2,bird,all,40,38,0.5,95.00
17,MAC_L2,bird,all,40,36,0.7,90.00
17,MAC_L2,bird,literal,20,19,0.3,95.00
17,MAC_L2,bird,literal,20,19,0.5,95.00
17,MAC_L2,bird,literal,20,19,0.7,95.00
17,MAC_L2,bird,paraphrase,20,20,0.3,100.00
17,MAC_L2,bird,paraphrase,20,19,0.5,95.00
17,MAC_L2,bird,paraphrase,20,17,0.7,85.00
17,MAC_L2,chair,all,40,35,0.3,87.50
17,MAC_L2,chair,all,40,34,0.5,85.00
17,MAC_L2,chair,all,40,33,0.7,82.50
17,MAC_L2,chair,literal,20,18,0.3,90.00
17,MAC_L2,chair,literal,20,18,0.5,90.00
17,MAC_L2,chair,literal,20,18,0.7,90.00
17,MAC_L2,chair,paraphrase,20,17,0.3,85.00
17,MAC_L2,chair,paraphrase,20,16,0.5,80.00
17,MAC_L2,chair,paraphrase,20,15,0.7,75.00
17,MAC_L2,bicycle,all,40,38,0.3,95.00
17,MAC_L2,bicycle,all,40,38,0.5,95.00
17,MAC_L2,bicycle,all,40,38,0.7,95.00
17,MAC_L2,bicycle,literal,20,20,0.3,100.00
17,MAC_L2,bicycle,literal,20,20,0.5,100.00
17,MAC_L2,bicycle,literal,20,20,0.7,100.00
17,MAC_L2,bicycle,paraphrase,20,18,0.3,90.00
17,MAC_L2,bicycle,paraphrase,20,18,0.5,90.00
17,MAC_L2,bicycle,paraphrase,20,18,0.7,90.00
29,M0,cat,all,40,40,0.3,100.00
29,M0,cat,all,40,40,0.5,100.00
29,M0,cat,all,40,40,0.7,100.00
29,M0,cat,literal,20,20,0.3,100.00
29,M0,cat,literal,20,20,0.5,100.00
29,M0,cat,literal,20,20,0.7,100.00
29,M0,cat,paraphrase,20,20,0.3,100.00
29,M0,cat,paraphrase,20,20,0.5,100.00
29,M0,cat,paraphrase,20,20,0.7,100.00
29,M0,dog,all,40,40,0.3,100.00
29,M0,dog,all,40,40,0.5,100.00
29,M0,dog,all,40,40,0.7,100.00
29,M0,dog,literal,20,20,0.3,100.00
29,M0,dog,literal,20,20,0.5,100.00
29,M0,dog,literal,20,20,0.7,100.00
29,M0,dog,paraphrase,20,20,0.3,100.00
29,M0,dog,paraphrase,20,20,0.5,100.00
29,M0,dog,paraphrase,20,20,0.7,100.00
29,M0,sandwich,all,40,39,0.3,97.50
29,M0,sandwich,all,40,38,0.5,95.00
29,M0,sandwich,all,40,34,0.7,85.00
29,M0,sandwich,literal,20,20,0.3,100.00
29,M0,sandwich,literal,20,20,0.5,100.00
29,M0,sandwich,literal,20,20,0.7,100.00
29,M0,sandwich,paraphrase,20,19,0.3,95.00
29,M0,sandwich,paraphrase,20,18,0.5,90.00
29,M0,sandwich,paraphrase,20,14,0.7,70.00
29,M0,horse,all,40,38,0.3,95.00
29,M0,horse,all,40,37,0.5,92.50
29,M0,horse,all,40,36,0.7,90.00
29,M0,horse,literal,20,18,0.3,90.00
29,M0,horse,literal,20,17,0.5,85.00
29,M0,horse,literal,20,16,0.7,80.00
29,M0,horse,paraphrase,20,20,0.3,100.00
29,M0,horse,paraphrase,20,20,0.5,100.00
29,M0,horse,paraphrase,20,20,0.7,100.00
29,M0,bird,all,40,37,0.3,92.50
29,M0,bird,all,40,37,0.5,92.50
29,M0,bird,all,40,36,0.7,90.00
29,M0,bird,literal,20,18,0.3,90.00
29,M0,bird,literal,20,18,0.5,90.00
29,M0,bird,literal,20,18,0.7,90.00
29,M0,bird,paraphrase,20,19,0.3,95.00
29,M0,bird,paraphrase,20,19,0.5,95.00
29,M0,bird,paraphrase,20,18,0.7,90.00
29,M0,chair,all,40,38,0.3,95.00
29,M0,chair,all,40,36,0.5,90.00
29,M0,chair,all,40,36,0.7,90.00
29,M0,chair,literal,20,19,0.3,95.00
29,M0,chair,literal,20,19,0.5,95.00
29,M0,chair,literal,20,19,0.7,95.00
29,M0,chair,paraphrase,20,19,0.3,95.00
29,M0,chair,paraphrase,20,17,0.5,85.00
29,M0,chair,paraphrase,20,17,0.7,85.00
29,M0,bicycle,all,40,37,0.3,92.50
29,M0,bicycle,all,40,36,0.5,90.00
29,M0,bicycle,all,40,35,0.7,87.50
29,M0,bicycle,literal,20,18,0.3,90.00
29,M0,bicycle,literal,20,17,0.5,85.00
29,M0,bicycle,literal,20,17,0.7,85.00
29,M0,bicycle,paraphrase,20,19,0.3,95.00
29,M0,bicycle,paraphrase,20,19,0.5,95.00
29,M0,bicycle,paraphrase,20,18,0.7,90.00
29,MA,cat,all,40,11,0.3,27.50
29,MA,cat,all,40,11,0.5,27.50
29,MA,cat,all,40,10,0.7,25.00
29,MA,cat,literal,20,3,0.3,15.00
29,MA,cat,literal,20,3,0.5,15.00
29,MA,cat,literal,20,3,0.7,15.00
29,MA,cat,paraphrase,20,8,0.3,40.00
29,MA,cat,paraphrase,20,8,0.5,40.00
29,MA,cat,paraphrase,20,7,0.7,35.00
29,MA,dog,all,40,38,0.3,95.00
29,MA,dog,all,40,37,0.5,92.50
29,MA,dog,all,40,36,0.7,90.00
29,MA,dog,literal,20,19,0.3,95.00
29,MA,dog,literal,20,18,0.5,90.00
29,MA,dog,literal,20,18,0.7,90.00
29,MA,dog,paraphrase,20,19,0.3,95.00
29,MA,dog,paraphrase,20,19,0.5,95.00
29,MA,dog,paraphrase,20,18,0.7,90.00
29,MA,sandwich,all,40,37,0.3,92.50
29,MA,sandwich,all,40,35,0.5,87.50
29,MA,sandwich,all,40,34,0.7,85.00
29,MA,sandwich,literal,20,20,0.3,100.00
29,MA,sandwich,literal,20,20,0.5,100.00
29,MA,sandwich,literal,20,19,0.7,95.00
29,MA,sandwich,paraphrase,20,17,0.3,85.00
29,MA,sandwich,paraphrase,20,15,0.5,75.00
29,MA,sandwich,paraphrase,20,15,0.7,75.00
29,MA,horse,all,40,40,0.3,100.00
29,MA,horse,all,40,40,0.5,100.00
29,MA,horse,all,40,40,0.7,100.00
29,MA,horse,literal,20,20,0.3,100.00
29,MA,horse,literal,20,20,0.5,100.00
29,MA,horse,literal,20,20,0.7,100.00
29,MA,horse,paraphrase,20,20,0.3,100.00
29,MA,horse,paraphrase,20,20,0.5,100.00
29,MA,horse,paraphrase,20,20,0.7,100.00
29,MA,bird,all,40,38,0.3,95.00
29,MA,bird,all,40,38,0.5,95.00
29,MA,bird,all,40,38,0.7,95.00
29,MA,bird,literal,20,18,0.3,90.00
29,MA,bird,literal,20,18,0.5,90.00
29,MA,bird,literal,20,18,0.7,90.00
29,MA,bird,paraphrase,20,20,0.3,100.00
29,MA,bird,paraphrase,20,20,0.5,100.00
29,MA,bird,paraphrase,20,20,0.7,100.00
29,MA,chair,all,40,36,0.3,90.00
29,MA,chair,all,40,34,0.5,85.00
29,MA,chair,all,40,32,0.7,80.00
29,MA,chair,literal,20,19,0.3,95.00
29,MA,chair,literal,20,17,0.5,85.00
29,MA,chair,literal,20,17,0.7,85.00
29,MA,chair,paraphrase,20,17,0.3,85.00
29,MA,chair,paraphrase,20,17,0.5,85.00
29,MA,chair,paraphrase,20,15,0.7,75.00
29,MA,bicycle,all,40,38,0.3,95.00
29,MA,bicycle,all,40,37,0.5,92.50
29,MA,bicycle,all,40,37,0.7,92.50
29,MA,bicycle,literal,20,20,0.3,100.00
29,MA,bicycle,literal,20,19,0.5,95.00
29,MA,bicycle,literal,20,19,0.7,95.00
29,MA,bicycle,paraphrase,20,18,0.3,90.00
29,MA,bicycle,paraphrase,20,18,0.5,90.00
29,MA,bicycle,paraphrase,20,18,0.7,90.00
29,MAB,cat,all,40,0,0.3,0.00
29,MAB,cat,all,40,0,0.5,0.00
29,MAB,cat,all,40,0,0.7,0.00
29,MAB,cat,literal,20,0,0.3,0.00
29,MAB,cat,literal,20,0,0.5,0.00
29,MAB,cat,literal,20,0,0.7,0.00
29,MAB,cat,paraphrase,20,0,0.3,0.00
29,MAB,cat,paraphrase,20,0,0.5,0.00
29,MAB,cat,paraphrase,20,0,0.7,0.00
29,MAB,dog,all,40,6,0.3,15.00
29,MAB,dog,all,40,4,0.5,10.00
29,MAB,dog,all,40,0,0.7,0.00
29,MAB,dog,literal,20,6,0.3,30.00
29,MAB,dog,literal,20,4,0.5,20.00
29,MAB,dog,literal,20,0,0.7,0.00
29,MAB,dog,paraphrase,20,0,0.3,0.00
29,MAB,dog,paraphrase,20,0,0.5,0.00
29,MAB,dog,paraphrase,20,0,0.7,0.00
29,MAB,sandwich,all,40,32,0.3,80.00
29,MAB,sandwich,all,40,30,0.5,75.00
29,MAB,sandwich,all,40,27,0.7,67.50
29,MAB,sandwich,literal,20,19,0.3,95.00
29,MAB,sandwich,literal,20,18,0.5,90.00
29,MAB,sandwich,literal,20,17,0.7,85.00
29,MAB,sandwich,paraphrase,20,13,0.3,65.00
29,MAB,sandwich,paraphrase,20,12,0.5,60.00
29,MAB,sandwich,paraphrase,20,10,0.7,50.00
29,MAB,horse,all,40,40,0.3,100.00
29,MAB,horse,all,40,39,0.5,97.50
29,MAB,horse,all,40,38,0.7,95.00
29,MAB,horse,literal,20,20,0.3,100.00
29,MAB,horse,literal,20,19,0.5,95.00
29,MAB,horse,literal,20,18,0.7,90.00
29,MAB,horse,paraphrase,20,20,0.3,100.00
29,MAB,horse,paraphrase,20,20,0.5,100.00
29,MAB,horse,paraphrase,20,20,0.7,100.00
29,MAB,bird,all,40,22,0.3,55.00
29,MAB,bird,all,40,22,0.5,55.00
29,MAB,bird,all,40,19,0.7,47.50
29,MAB,bird,literal,20,12,0.3,60.00
29,MAB,bird,literal,20,12,0.5,60.00
29,MAB,bird,literal,20,11,0.7,55.00
29,MAB,bird,paraphrase,20,10,0.3,50.00
29,MAB,bird,paraphrase,20,10,0.5,50.00
29,MAB,bird,paraphrase,20,8,0.7,40.00
29,MAB,chair,all,40,34,0.3,85.00
29,MAB,chair,all,40,34,0.5,85.00
29,MAB,chair,all,40,32,0.7,80.00
29,MAB,chair,literal,20,19,0.3,95.00
29,MAB,chair,literal,20,19,0.5,95.00
29,MAB,chair,literal,20,19,0.7,95.00
29,MAB,chair,paraphrase,20,15,0.3,75.00
29,MAB,chair,paraphrase,20,15,0.5,75.00
29,MAB,chair,paraphrase,20,13,0.7,65.00
29,MAB,bicycle,all,40,38,0.3,95.00
29,MAB,bicycle,all,40,37,0.5,92.50
29,MAB,bicycle,all,40,35,0.7,87.50
29,MAB,bicycle,literal,20,19,0.3,95.00
29,MAB,bicycle,literal,20,19,0.5,95.00
29,MAB,bicycle,literal,20,18,0.7,90.00
29,MAB,bicycle,paraphrase,20,19,0.3,95.00
29,MAB,bicycle,paraphrase,20,18,0.5,90.00
29,MAB,bicycle,paraphrase,20,17,0.7,85.00
29,MAB_L2,cat,all,40,3,0.3,7.50
29,MAB_L2,cat,all,40,2,0.5,5.00
29,MAB_L2,cat,all,40,1,0.7,2.50
29,MAB_L2,cat,literal,20,1,0.3,5.00
29,MAB_L2,cat,literal,20,1,0.5,5.00
29,MAB_L2,cat,literal,20,0,0.7,0.00
29,MAB_L2,cat,paraphrase,20,2,0.3,10.00
29,MAB_L2,cat,paraphrase,20,1,0.5,5.00
29,MAB_L2,cat,paraphrase,20,1,0.7,5.00
29,MAB_L2,dog,all,40,23,0.3,57.50
29,MAB_L2,dog,all,40,20,0.5,50.00
29,MAB_L2,dog,all,40,18,0.7,45.00
29,MAB_L2,dog,literal,20,15,0.3,75.00
29,MAB_L2,dog,literal,20,13,0.5,65.00
29,MAB_L2,dog,literal,20,12,0.7,60.00
29,MAB_L2,dog,paraphrase,20,8,0.3,40.00
29,MAB_L2,dog,paraphrase,20,7,0.5,35.00
29,MAB_L2,dog,paraphrase,20,6,0.7,30.00
29,MAB_L2,sandwich,all,40,36,0.3,90.00
29,MAB_L2,sandwich,all,40,34,0.5,85.00
29,MAB_L2,sandwich,all,40,31,0.7,77.50
29,MAB_L2,sandwich,literal,20,19,0.3,95.00
29,MAB_L2,sandwich,literal,20,19,0.5,95.00
29,MAB_L2,sandwich,literal,20,18,0.7,90.00
29,MAB_L2,sandwich,paraphrase,20,17,0.3,85.00
29,MAB_L2,sandwich,paraphrase,20,15,0.5,75.00
29,MAB_L2,sandwich,paraphrase,20,13,0.7,65.00
29,MAB_L2,horse,all,40,40,0.3,100.00
29,MAB_L2,horse,all,40,40,0.5,100.00
29,MAB_L2,horse,all,40,40,0.7,100.00
29,MAB_L2,horse,literal,20,20,0.3,100.00
29,MAB_L2,horse,literal,20,20,0.5,100.00
29,MAB_L2,horse,literal,20,20,0.7,100.00
29,MAB_L2,horse,paraphrase,20,20,0.3,100.00
29,MAB_L2,horse,paraphrase,20,20,0.5,100.00
29,MAB_L2,horse,paraphrase,20,20,0.7,100.00
29,MAB_L2,bird,all,40,36,0.3,90.00
29,MAB_L2,bird,all,40,36,0.5,90.00
29,MAB_L2,bird,all,40,35,0.7,87.50
29,MAB_L2,bird,literal,20,18,0.3,90.00
29,MAB_L2,bird,literal,20,18,0.5,90.00
29,MAB_L2,bird,literal,20,18,0.7,90.00
29,MAB_L2,bird,paraphrase,20,18,0.3,90.00
29,MAB_L2,bird,paraphrase,20,18,0.5,90.00
29,MAB_L2,bird,paraphrase,20,17,0.7,85.00
29,MAB_L2,chair,all,40,36,0.3,90.00
29,MAB_L2,chair,all,40,35,0.5,87.50
29,MAB_L2,chair,all,40,32,0.7,80.00
29,MAB_L2,chair,literal,20,19,0.3,95.00
29,MAB_L2,chair,literal,20,19,0.5,95.00
29,MAB_L2,chair,literal,20,19,0.7,95.00
29,MAB_L2,chair,paraphrase,20,17,0.3,85.00
29,MAB_L2,chair,paraphrase,20,16,0.5,80.00
29,MAB_L2,chair,paraphrase,20,13,0.7,65.00
29,MAB_L2,bicycle,all,40,37,0.3,92.50
29,MAB_L2,bicycle,all,40,37,0.5,92.50
29,MAB_L2,bicycle,all,40,37,0.7,92.50
29,MAB_L2,bicycle,literal,20,19,0.3,95.00
29,MAB_L2,bicycle,literal,20,19,0.5,95.00
29,MAB_L2,bicycle,literal,20,19,0.7,95.00
29,MAB_L2,bicycle,paraphrase,20,18,0.3,90.00
29,MAB_L2,bicycle,paraphrase,20,18,0.5,90.00
29,MAB_L2,bicycle,paraphrase,20,18,0.7,90.00
29,MAC,cat,all,40,11,0.3,27.50
29,MAC,cat,all,40,8,0.5,20.00
29,MAC,cat,all,40,8,0.7,20.00
29,MAC,cat,literal,20,4,0.3,20.00
29,MAC,cat,literal,20,3,0.5,15.00
29,MAC,cat,literal,20,3,0.7,15.00
29,MAC,cat,paraphrase,20,7,0.3,35.00
29,MAC,cat,paraphrase,20,5,0.5,25.00
29,MAC,cat,paraphrase,20,5,0.7,25.00
29,MAC,dog,all,40,39,0.3,97.50
29,MAC,dog,all,40,39,0.5,97.50
29,MAC,dog,all,40,37,0.7,92.50
29,MAC,dog,literal,20,19,0.3,95.00
29,MAC,dog,literal,20,19,0.5,95.00
29,MAC,dog,literal,20,18,0.7,90.00
29,MAC,dog,paraphrase,20,20,0.3,100.00
29,MAC,dog,paraphrase,20,20,0.5,100.00
29,MAC,dog,paraphrase,20,19,0.7,95.00
29,MAC,sandwich,all,40,17,0.3,42.50
29,MAC,sandwich,all,40,14,0.5,35.00
29,MAC,sandwich,all,40,12,0.7,30.00
29,MAC,sandwich,literal,20,6,0.3,30.00
29,MAC,sandwich,literal,20,5,0.5,25.00
29,MAC,sandwich,literal,20,5,0.7,25.00
29,MAC,sandwich,paraphrase,20,11,0.3,55.00
29,MAC,sandwich,paraphrase,20,9,0.5,45.00
29,MAC,sandwich,paraphrase,20,7,0.7,35.00
29,MAC,horse,all,40,40,0.3,100.00
29,MAC,horse,all,40,40,0.5,100.00
29,MAC,horse,all,40,40,0.7,100.00
29,MAC,horse,literal,20,20,0.3,100.00
29,MAC,horse,literal,20,20,0.5,100.00
29,MAC,horse,literal,20,20,0.7,100.00
29,MAC,horse,paraphrase,20,20,0.3,100.00
29,MAC,horse,paraphrase,20,20,0.5,100.00
29,MAC,horse,paraphrase,20,20,0.7,100.00
29,MAC,bird,all,40,39,0.3,97.50
29,MAC,bird,all,40,38,0.5,95.00
29,MAC,bird,all,40,38,0.7,95.00
29,MAC,bird,literal,20,20,0.3,100.00
29,MAC,bird,literal,20,19,0.5,95.00
29,MAC,bird,literal,20,19,0.7,95.00
29,MAC,bird,paraphrase,20,19,0.3,95.00
29,MAC,bird,paraphrase,20,19,0.5,95.00
29,MAC,bird,paraphrase,20,19,0.7,95.00
29,MAC,chair,all,40,36,0.3,90.00
29,MAC,chair,all,40,35,0.5,87.50
29,MAC,chair,all,40,34,0.7,85.00
29,MAC,chair,literal,20,19,0.3,95.00
29,MAC,chair,literal,20,19,0.5,95.00
29,MAC,chair,literal,20,18,0.7,90.00
29,MAC,chair,paraphrase,20,17,0.3,85.00
29,MAC,chair,paraphrase,20,16,0.5,80.00
29,MAC,chair,paraphrase,20,16,0.7,80.00
29,MAC,bicycle,all,40,38,0.3,95.00
29,MAC,bicycle,all,40,37,0.5,92.50
29,MAC,bicycle,all,40,37,0.7,92.50
29,MAC,bicycle,literal,20,20,0.3,100.00
29,MAC,bicycle,literal,20,19,0.5,95.00
29,MAC,bicycle,literal,20,19,0.7,95.00
29,MAC,bicycle,paraphrase,20,18,0.3,90.00
29,MAC,bicycle,paraphrase,20,18,0.5,90.00
29,MAC,bicycle,paraphrase,20,18,0.7,90.00
29,MAC_L2,cat,all,40,11,0.3,27.50
29,MAC_L2,cat,all,40,9,0.5,22.50
29,MAC_L2,cat,all,40,7,0.7,17.50
29,MAC_L2,cat,literal,20,4,0.3,20.00
29,MAC_L2,cat,literal,20,3,0.5,15.00
29,MAC_L2,cat,literal,20,3,0.7,15.00
29,MAC_L2,cat,paraphrase,20,7,0.3,35.00
29,MAC_L2,cat,paraphrase,20,6,0.5,30.00
29,MAC_L2,cat,paraphrase,20,4,0.7,20.00
29,MAC_L2,dog,all,40,39,0.3,97.50
29,MAC_L2,dog,all,40,38,0.5,95.00
29,MAC_L2,dog,all,40,37,0.7,92.50
29,MAC_L2,dog,literal,20,19,0.3,95.00
29,MAC_L2,dog,literal,20,18,0.5,90.00
29,MAC_L2,dog,literal,20,18,0.7,90.00
29,MAC_L2,dog,paraphrase,20,20,0.3,100.00
29,MAC_L2,dog,paraphrase,20,20,0.5,100.00
29,MAC_L2,dog,paraphrase,20,19,0.7,95.00
29,MAC_L2,sandwich,all,40,36,0.3,90.00
29,MAC_L2,sandwich,all,40,32,0.5,80.00
29,MAC_L2,sandwich,all,40,29,0.7,72.50
29,MAC_L2,sandwich,literal,20,20,0.3,100.00
29,MAC_L2,sandwich,literal,20,18,0.5,90.00
29,MAC_L2,sandwich,literal,20,17,0.7,85.00
29,MAC_L2,sandwich,paraphrase,20,16,0.3,80.00
29,MAC_L2,sandwich,paraphrase,20,14,0.5,70.00
29,MAC_L2,sandwich,paraphrase,20,12,0.7,60.00
29,MAC_L2,horse,all,40,40,0.3,100.00
29,MAC_L2,horse,all,40,40,0.5,100.00
29,MAC_L2,horse,all,40,40,0.7,100.00
29,MAC_L2,horse,literal,20,20,0.3,100.00
29,MAC_L2,horse,literal,20,20,0.5,100.00
29,MAC_L2,horse,literal,20,20,0.7,100.00
29,MAC_L2,horse,paraphrase,20,20,0.3,100.00
29,MAC_L2,horse,paraphrase,20,20,0.5,100.00
29,MAC_L2,horse,paraphrase,20,20,0.7,100.00
29,MAC_L2,bird,all,40,37,0.3,92.50
29,MAC_L2,bird,all,40,37,0.5,92.50
29,MAC_L2,bird,all,40,35,0.7,87.50
29,MAC_L2,bird,literal,20,18,0.3,90.00
29,MAC_L2,bird,literal,20,18,0.5,90.00
29,MAC_L2,bird,literal,20,18,0.7,90.00
29,MAC_L2,bird,paraphrase,20,19,0.3,95.00
29,MAC_L2,bird,paraphrase,20,19,0.5,95.00
29,MAC_L2,bird,paraphrase,20,17,0.7,85.00
29,MAC_L2,chair,all,40,36,0.3,90.00
29,MAC_L2,chair,all,40,35,0.5,87.50
29,MAC_L2,chair,all,40,35,0.7,87.50
29,MAC_L2,chair,literal,20,19,0.3,95.00
29,MAC_L2,chair,literal,20,18,0.5,90.00
29,MAC_L2,chair,literal,20,18,0.7,90.00
29,MAC_L2,chair,paraphrase,20,17,0.3,85.00
29,MAC_L2,chair,paraphrase,20,17,0.5,85.00
29,MAC_L2,chair,paraphrase,20,17,0.7,85.00
29,MAC_L2,bicycle,all,40,38,0.3,95.00
29,MAC_L2,bicycle,all,40,37,0.5,92.50
29,MAC_L2,bicycle,all,40,37,0.7,92.50
29,MAC_L2,bicycle,literal,20,20,0.3,100.00
29,MAC_L2,bicycle,literal,20,19,0.5,95.00
29,MAC_L2,bicycle,literal,20,19,0.7,95.00
29,MAC_L2,bicycle,paraphrase,20,18,0.3,90.00
29,MAC_L2,bicycle,paraphrase,20,18,0.5,90.00
29,MAC_L2,bicycle,paraphrase,20,18,0.7,90.00
