checkpoint,category,prompt_family,n,D_0.3,D_0.5,D_0.7,n_hits_0.5
M0,cat,all,40,1.0000,1.0000,1.0000,40
M0,cat,literal,20,1.0000,1.0000,1.0000,20
M0,cat,paraphrase,20,1.0000,1.0000,1.0000,20
M0,dog,all,40,1.0000,1.0000,1.0000,40
M0,dog,literal,20,1.0000,1.0000,1.0000,20
M0,dog,paraphrase,20,1.0000,1.0000,1.0000,20
M0,sandwich,all,40,0.9750,0.9500,0.8500,38
M0,sandwich,literal,20,1.0000,1.0000,1.0000,20
M0,sandwich,paraphrase,20,0.9500,0.9000,0.7000,18
M0,horse,all,40,0.9500,0.9250,0.9000,37
M0,horse,literal,20,0.9000,0.8500,0.8000,17
M0,horse,paraphrase,20,1.0000,1.0000,1.0000,20
M0,bird,all,40,0.9250,0.9250,0.9000,37
M0,bird,literal,20,0.9000,0.9000,0.9000,18
M0,bird,paraphrase,20,0.9500,0.9500,0.9000,19
M0,chair,all,40,0.9500,0.9000,0.9000,36
M0,chair,literal,20,0.9500,0.9500,0.9500,19
M0,chair,paraphrase,20,0.9500,0.8500,0.8500,17
M0,bicycle,all,40,0.9250,0.9000,0.8750,36
M0,bicycle,literal,20,0.9000,0.8500,0.8500,17
M0,bicycle,paraphrase,20,0.9500,0.9500,0.9000,19
MA,cat,all,40,0.2000,0.1750,0.1750,7
MA,cat,literal,20,0.1500,0.1500,0.1500,3
MA,cat,paraphrase,20,0.2500,0.2000,0.2000,4
MA,dog,all,40,0.9750,0.9250,0.9250,37
MA,dog,literal,20,0.9500,0.8500,0.8500,17
MA,dog,paraphrase,20,1.0000,1.0000,1.0000,20
MA,sandwich,all,40,0.9250,0.8750,0.7750,35
MA,sandwich,literal,20,1.0000,0.9500,0.9000,19
MA,sandwich,paraphrase,20,0.8500,0.8000,0.6500,16
MA,horse,all,40,1.0000,1.0000,1.0000,40
MA,horse,literal,20,1.0000,1.0000,1.0000,20
MA,horse,paraphrase,20,1.0000,1.0000,1.0000,20
MA,bird,all,40,0.9250,0.9000,0.8500,36
MA,bird,literal,20,0.9000,0.8500,0.8000,17
MA,bird,paraphrase,20,0.9500,0.9500,0.9000,19
MA,chair,all,40,0.9250,0.9000,0.8250,36
MA,chair,literal,20,0.9500,0.9500,0.8500,19
MA,chair,paraphrase,20,0.9000,0.8500,0.8000,17
MA,bicycle,all,40,0.9500,0.9500,0.9500,38
MA,bicycle,literal,20,1.0000,1.0000,1.0000,20
MA,bicycle,paraphrase,20,0.9000,0.9000,0.9000,18
MAB,cat,all,40,0.0250,0.0000,0.0000,0
MAB,cat,literal,20,0.0500,0.0000,0.0000,0
MAB,cat,paraphrase,20,0.0000,0.0000,0.0000,0
MAB,dog,all,40,0.1500,0.1000,0.0750,4
MAB,dog,literal,20,0.2500,0.2000,0.1500,4
MAB,dog,paraphrase,20,0.0500,0.0000,0.0000,0
MAB,sandwich,all,40,0.8250,0.8250,0.7750,33
MAB,sandwich,literal,20,0.9500,0.9500,0.9500,19
MAB,sandwich,paraphrase,20,0.7000,0.7000,0.6000,14
MAB,horse,all,40,1.0000,0.9750,0.9750,39
MAB,horse,literal,20,1.0000,0.9500,0.9500,19
MAB,horse,paraphrase,20,1.0000,1.0000,1.0000,20
MAB,bird,all,40,0.4500,0.4500,0.4000,18
MAB,bird,literal,20,0.4500,0.4500,0.4500,9
MAB,bird,paraphrase,20,0.4500,0.4500,0.3500,9
MAB,chair,all,40,0.9250,0.8250,0.8250,33
MAB,chair,literal,20,1.0000,0.9500,0.9500,19
MAB,chair,paraphrase,20,0.8500,0.7000,0.7000,14
MAB,bicycle,all,40,0.9500,0.9000,0.8750,36
MAB,bicycle,literal,20,1.0000,0.9500,0.9500,19
MAB,bicycle,paraphrase,20,0.9000,0.8500,0.8000,17
MAC,cat,all,40,0.2500,0.2500,0.2250,10
MAC,cat,literal,20,0.2000,0.2000,0.2000,4
MAC,cat,paraphrase,20,0.3000,0.3000,0.2500,6
MAC,dog,all,40,0.9500,0.9500,0.9250,38
MAC,dog,literal,20,0.9500,0.9500,0.9000,19
MAC,dog,paraphrase,20,0.9500,0.9500,0.9500,19
MAC,sandwich,all,40,0.4250,0.3750,0.3500,15
MAC,sandwich,literal,20,0.3500,0.3500,0.3000,7
MAC,sandwich,paraphrase,20,0.5000,0.4000,0.4000,8
MAC,horse,all,40,1.0000,1.0000,1.0000,40
MAC,horse,literal,20,1.0000,1.0000,1.0000,20
MAC,horse,paraphrase,20,1.0000,1.0000,1.0000,20
MAC,bird,all,40,0.9750,0.9750,0.9750,39
MAC,bird,literal,20,1.0000,1.0000,1.0000,20
MAC,bird,paraphrase,20,0.9500,0.9500,0.9500,19
MAC,chair,all,40,0.8500,0.8000,0.7750,32
MAC,chair,literal,20,0.9000,0.8500,0.8500,17
MAC,chair,paraphrase,20,0.8000,0.7500,0.7000,15
MAC,bicycle,all,40,0.9500,0.9500,0.9250,38
MAC,bicycle,literal,20,1.0000,1.0000,0.9500,20
MAC,bicycle,paraphrase,20,0.9000,0.9000,0.9000,18
MAB_L2,cat,all,40,0.0750,0.0500,0.0250,2
MAB_L2,cat,literal,20,0.0500,0.0500,0.0000,1
MAB_L2,cat,paraphrase,20,0.1000,0.0500,0.0500,1
MAB_L2,dog,all,40,0.5500,0.5000,0.4750,20
MAB_L2,dog,literal,20,0.7000,0.6000,0.6000,12
MAB_L2,dog,paraphrase,20,0.4000,0.4000,0.3500,8
MAB_L2,sandwich,all,40,0.9250,0.8750,0.8000,35
MAB_L2,sandwich,literal,20,1.0000,0.9500,0.9000,19
MAB_L2,sandwich,paraphrase,20,0.8500,0.8000,0.7000,16
MAB_L2,horse,all,40,1.0000,1.0000,1.0000,40
MAB_L2,horse,literal,20,1.0000,1.0000,1.0000,20
MAB_L2,horse,paraphrase,20,1.0000,1.0000,1.0000,20
MAB_L2,bird,all,40,0.8750,0.8500,0.8250,34
MAB_L2,bird,literal,20,0.9000,0.8500,0.8500,17
MAB_L2,bird,paraphrase,20,0.8500,0.8500,0.8000,17
MAB_L2,chair,all,40,0.9500,0.8750,0.8250,35
MAB_L2,chair,literal,20,0.9500,0.9500,0.9500,19
MAB_L2,chair,paraphrase,20,0.9500,0.8000,0.7000,16
MAB_L2,bicycle,all,40,0.9500,0.9250,0.9250,37
MAB_L2,bicycle,literal,20,1.0000,0.9500,0.9500,19
MAB_L2,bicycle,paraphrase,20,0.9000,0.9000,0.9000,18
MAC_L2,cat,all,40,0.3500,0.3250,0.3000,13
MAC_L2,cat,literal,20,0.2500,0.2000,0.2000,4
MAC_L2,cat,paraphrase,20,0.4500,0.4500,0.4000,9
MAC_L2,dog,all,40,0.9500,0.9500,0.9500,38
MAC_L2,dog,literal,20,0.9500,0.9500,0.9500,19
MAC_L2,dog,paraphrase,20,0.9500,0.9500,0.9500,19
MAC_L2,sandwich,all,40,0.9000,0.8000,0.7500,32
MAC_L2,sandwich,literal,20,0.9500,0.9000,0.8000,18
MAC_L2,sandwich,paraphrase,20,0.8500,0.7000,0.7000,14
MAC_L2,horse,all,40,1.0000,1.0000,1.0000,40
MAC_L2,horse,literal,20,1.0000,1.0000,1.0000,20
MAC_L2,horse,paraphrase,20,1.0000,1.0000,1.0000,20
MAC_L2,bird,all,40,0.9750,0.9500,0.9000,38
MAC_L2,bird,literal,20,0.9500,0.9500,0.9500,19
MAC_L2,bird,paraphrase,20,1.0000,0.9500,0.8500,19
MAC_L2,chair,all,40,0.8750,0.8500,0.8250,34
MAC_L2,chair,literal,20,0.9000,0.9000,0.9000,18
MAC_L2,chair,paraphrase,20,0.8500,0.8000,0.7500,16
MAC_L2,bicycle,all,40,0.9500,0.9500,0.9500,38
MAC_L2,bicycle,literal,20,1.0000,1.0000,1.0000,20
MAC_L2,bicycle,paraphrase,20,0.9000,0.9000,0.9000,18
