item_id,image_file,category_to_judge,target_present__yes_no_unsure,ambiguity__clear_ambiguous_undecidable,quality_concern__none_minor_severe,context_concern__none_describe_in_notes,notes
I1f0d567a0c,images/I1f0d567a0c.jpg,dog,,,,,
I78635b328f,images/I78635b328f.jpg,bird,,,,,
I694c6b27d8,images/I694c6b27d8.jpg,dog,,,,,
I688483e88a,images/I688483e88a.jpg,bird,,,,,
I19c6fdae76,images/I19c6fdae76.jpg,dog,,,,,
I4045d82a16,images/I4045d82a16.jpg,bird,,,,,
I53811cb11a,images/I53811cb11a.jpg,dog,,,,,
I7ae4d3239c,images/I7ae4d3239c.jpg,sandwich,,,,,
I4c1de14b08,images/I4c1de14b08.jpg,bird,,,,,
I08b94ce602,images/I08b94ce602.jpg,dog,,,,,
Id305ec15b8,images/Id305ec15b8.jpg,sandwich,,,,,
Id278a6bb11,images/Id278a6bb11.jpg,sandwich,,,,,
I0c3aa3dfbd,images/I0c3aa3dfbd.jpg,sandwich,,,,,
I1fb2c37ba3,images/I1fb2c37ba3.jpg,sandwich,,,,,
Ieed958c0cb,images/Ieed958c0cb.jpg,cat,,,,,
I1baf12c974,images/I1baf12c974.jpg,bird,,,,,
I344a46c787,images/I344a46c787.jpg,cat,,,,,
I72cc5a96f9,images/I72cc5a96f9.jpg,cat,,,,,
I2b2d69e496,images/I2b2d69e496.jpg,cat,,,,,
I81b731cbcf,images/I81b731cbcf.jpg,bird,,,,,
I3fb231a557,images/I3fb231a557.jpg,bird,,,,,
I4bb359f96f,images/I4bb359f96f.jpg,bird,,,,,
I80beaeaada,images/I80beaeaada.jpg,dog,,,,,
I31420981a9,images/I31420981a9.jpg,sandwich,,,,,
Id5e31efea4,images/Id5e31efea4.jpg,sandwich,,,,,
If9d0d9184b,images/If9d0d9184b.jpg,cat,,,,,
I18a4441995,images/I18a4441995.jpg,bird,,,,,
I30ca9d6974,images/I30ca9d6974.jpg,bird,,,,,
Ib368c19e0d,images/Ib368c19e0d.jpg,dog,,,,,
Idd32a2a47e,images/Idd32a2a47e.jpg,bird,,,,,
I475f5a8347,images/I475f5a8347.jpg,bird,,,,,
I0db533f956,images/I0db533f956.jpg,dog,,,,,
I1d96f62cbe,images/I1d96f62cbe.jpg,cat,,,,,
I709e7e9748,images/I709e7e9748.jpg,bird,,,,,
Icfde76beeb,images/Icfde76beeb.jpg,bird,,,,,
I1f001fd9aa,images/I1f001fd9aa.jpg,bird,,,,,
I9a1fc0b3f8,images/I9a1fc0b3f8.jpg,sandwich,,,,,
I21f6ac42de,images/I21f6ac42de.jpg,bird,,,,,
I9938df45e0,images/I9938df45e0.jpg,bird,,,,,
Ib52cb03087,images/Ib52cb03087.jpg,cat,,,,,
I73342cde0e,images/I73342cde0e.jpg,cat,,,,,
I49d2345320,images/I49d2345320.jpg,cat,,,,,
Ibcf985bc45,images/Ibcf985bc45.jpg,sandwich,,,,,
I886aae4707,images/I886aae4707.jpg,dog,,,,,
Iea179464d2,images/Iea179464d2.jpg,dog,,,,,
I0c11db704c,images/I0c11db704c.jpg,bird,,,,,
I3f10637b52,images/I3f10637b52.jpg,cat,,,,,
Ic33789ed2b,images/Ic33789ed2b.jpg,dog,,,,,
Icd4d30a236,images/Icd4d30a236.jpg,dog,,,,,
I9054cc87a7,images/I9054cc87a7.jpg,dog,,,,,
Id86244f6d5,images/Id86244f6d5.jpg,bird,,,,,
I6af8251010,images/I6af8251010.jpg,dog,,,,,
I536a0b8124,images/I536a0b8124.jpg,dog,,,,,
I316666c8c7,images/I316666c8c7.jpg,dog,,,,,
Iedd0670d21,images/Iedd0670d21.jpg,sandwich,,,,,
I04cb335732,images/I04cb335732.jpg,bird,,,,,
I3718eab8ea,images/I3718eab8ea.jpg,sandwich,,,,,
I856f22f07b,images/I856f22f07b.jpg,cat,,,,,
I28e45648bf,images/I28e45648bf.jpg,cat,,,,,
I68de55ef5b,images/I68de55ef5b.jpg,sandwich,,,,,
Ia80d396a43,images/Ia80d396a43.jpg,cat,,,,,
I66a4f3e25a,images/I66a4f3e25a.jpg,sandwich,,,,,
I1352328ead,images/I1352328ead.jpg,cat,,,,,
I71697a143e,images/I71697a143e.jpg,sandwich,,,,,
Icde0dd1ca3,images/Icde0dd1ca3.jpg,dog,,,,,
I9e364d8540,images/I9e364d8540.jpg,dog,,,,,
Ieb1eeb5b0b,images/Ieb1eeb5b0b.jpg,dog,,,,,
I69c6b60749,images/I69c6b60749.jpg,dog,,,,,
Ic581fc72d6,images/Ic581fc72d6.jpg,cat,,,,,
I851a1048c2,images/I851a1048c2.jpg,cat,,,,,
I89d23665c9,images/I89d23665c9.jpg,sandwich,,,,,
Ifd3132b093,images/Ifd3132b093.jpg,sandwich,,,,,
Ia912c6659b,images/Ia912c6659b.jpg,cat,,,,,
Id3c1b84f7f,images/Id3c1b84f7f.jpg,dog,,,,,
Ic8c6e4b6c3,images/Ic8c6e4b6c3.jpg,bird,,,,,
I3021d4e0b6,images/I3021d4e0b6.jpg,bird,,,,,
Ie14620742e,images/Ie14620742e.jpg,sandwich,,,,,
Ifef68b7359,images/Ifef68b7359.jpg,dog,,,,,
Iec7dde0937,images/Iec7dde0937.jpg,sandwich,,,,,
Ic80a0034bd,images/Ic80a0034bd.jpg,cat,,,,,
I464049f47a,images/I464049f47a.jpg,sandwich,,,,,
I984454baf1,images/I984454baf1.jpg,sandwich,,,,,
I9d4158d1c2,images/I9d4158d1c2.jpg,bird,,,,,
I3a8127f51a,images/I3a8127f51a.jpg,bird,,,,,
I3354da2f43,images/I3354da2f43.jpg,dog,,,,,
I964f26076b,images/I964f26076b.jpg,dog,,,,,
I756e2da11e,images/I756e2da11e.jpg,cat,,,,,
Ifb64929990,images/Ifb64929990.jpg,dog,,,,,
I1053f57855,images/I1053f57855.jpg,dog,,,,,
I43e126d02c,images/I43e126d02c.jpg,bird,,,,,
I038d95bd64,images/I038d95bd64.jpg,sandwich,,,,,
I09829f9d61,images/I09829f9d61.jpg,sandwich,,,,,
Ibb14973649,images/Ibb14973649.jpg,cat,,,,,
Idd9dc0899a,images/Idd9dc0899a.jpg,cat,,,,,
I6a40238f82,images/I6a40238f82.jpg,cat,,,,,
I6cf10d9877,images/I6cf10d9877.jpg,cat,,,,,
Ia5239e4833,images/Ia5239e4833.jpg,sandwich,,,,,
I0c7662bf51,images/I0c7662bf51.jpg,dog,,,,,
Iea9b96817c,images/Iea9b96817c.jpg,bird,,,,,
I38bd1deeea,images/I38bd1deeea.jpg,cat,,,,,
I3fb68a17b8,images/I3fb68a17b8.jpg,bird,,,,,
I175150ccb9,images/I175150ccb9.jpg,sandwich,,,,,
I5fd90b4f96,images/I5fd90b4f96.jpg,sandwich,,,,,
I98891dfdbe,images/I98891dfdbe.jpg,dog,,,,,
I411b7bc584,images/I411b7bc584.jpg,dog,,,,,
I7062685aff,images/I7062685aff.jpg,sandwich,,,,,
I1c626b5e8a,images/I1c626b5e8a.jpg,bird,,,,,
Iedb14cdc29,images/Iedb14cdc29.jpg,sandwich,,,,,
I2bdf0e2aa5,images/I2bdf0e2aa5.jpg,sandwich,,,,,
Iacec22e079,images/Iacec22e079.jpg,dog,,,,,
Ibf76bd0c66,images/Ibf76bd0c66.jpg,bird,,,,,
I485958bb91,images/I485958bb91.jpg,bird,,,,,
I470c1065bd,images/I470c1065bd.jpg,dog,,,,,
I3a57d97199,images/I3a57d97199.jpg,bird,,,,,
I7b37ccfc75,images/I7b37ccfc75.jpg,bird,,,,,
I92cc8dccf6,images/I92cc8dccf6.jpg,cat,,,,,
Iadaef7ff59,images/Iadaef7ff59.jpg,cat,,,,,
I4dc0dea0c4,images/I4dc0dea0c4.jpg,cat,,,,,
I9aeb6eb314,images/I9aeb6eb314.jpg,sandwich,,,,,
I5490e08b4b,images/I5490e08b4b.jpg,cat,,,,,
Ib8484bb9f7,images/Ib8484bb9f7.jpg,dog,,,,,
I50b98473a2,images/I50b98473a2.jpg,sandwich,,,,,
I29082f4965,images/I29082f4965.jpg,sandwich,,,,,
I6a7fcbc5b5,images/I6a7fcbc5b5.jpg,cat,,,,,
Iafd246cc09,images/Iafd246cc09.jpg,bird,,,,,
I97375fae37,images/I97375fae37.jpg,sandwich,,,,,
I96d85c4e9c,images/I96d85c4e9c.jpg,sandwich,,,,,
I04f05fd083,images/I04f05fd083.jpg,cat,,,,,
I0dc15ae649,images/I0dc15ae649.jpg,cat,,,,,
Ic22e12d316,images/Ic22e12d316.jpg,cat,,,,,
Id21de08b2c,images/Id21de08b2c.jpg,sandwich,,,,,
Ie5f8ed5d9c,images/Ie5f8ed5d9c.jpg,bird,,,,,
I89a2938c2b,images/I89a2938c2b.jpg,sandwich,,,,,
Icf98b19ab9,images/Icf98b19ab9.jpg,cat,,,,,
I36636c6b1f,images/I36636c6b1f.jpg,sandwich,,,,,
If91d317f60,images/If91d317f60.jpg,dog,,,,,
I03489a88aa,images/I03489a88aa.jpg,bird,,,,,
Ifa06846146,images/Ifa06846146.jpg,bird,,,,,
If7614ff22a,images/If7614ff22a.jpg,sandwich,,,,,
If94637a94b,images/If94637a94b.jpg,sandwich,,,,,
Ib014c93a38,images/Ib014c93a38.jpg,dog,,,,,
I79405a4f39,images/I79405a4f39.jpg,cat,,,,,
I7e6f4858fa,images/I7e6f4858fa.jpg,cat,,,,,
I4b7ee589e9,images/I4b7ee589e9.jpg,dog,,,,,
Ifc438ae826,images/Ifc438ae826.jpg,dog,,,,,
I2ac5fdf358,images/I2ac5fdf358.jpg,sandwich,,,,,
I7ca5aa0dd7,images/I7ca5aa0dd7.jpg,sandwich,,,,,
I69ef9bb5d8,images/I69ef9bb5d8.jpg,dog,,,,,
Id58159da38,images/Id58159da38.jpg,bird,,,,,
Ie48b57c6a4,images/Ie48b57c6a4.jpg,dog,,,,,
Ib4a6ff2a7d,images/Ib4a6ff2a7d.jpg,cat,,,,,
I871c077c46,images/I871c077c46.jpg,dog,,,,,
I21e8e726c1,images/I21e8e726c1.jpg,dog,,,,,
Ibeaeb114d5,images/Ibeaeb114d5.jpg,bird,,,,,
I8faa0fae39,images/I8faa0fae39.jpg,bird,,,,,
I4312c8a4f8,images/I4312c8a4f8.jpg,bird,,,,,
Ie14faac3ad,images/Ie14faac3ad.jpg,dog,,,,,
I1b8c2c1dd9,images/I1b8c2c1dd9.jpg,bird,,,,,
I5e4c739524,images/I5e4c739524.jpg,cat,,,,,
I21c27dd477,images/I21c27dd477.jpg,sandwich,,,,,
Idbd3d80e20,images/Idbd3d80e20.jpg,dog,,,,,
I8988389df9,images/I8988389df9.jpg,sandwich,,,,,
Ib687ad7190,images/Ib687ad7190.jpg,sandwich,,,,,
Ic8f8121f46,images/Ic8f8121f46.jpg,cat,,,,,
I18f286d1a3,images/I18f286d1a3.jpg,cat,,,,,
I7dd8110f32,images/I7dd8110f32.jpg,sandwich,,,,,
I0eb27325eb,images/I0eb27325eb.jpg,sandwich,,,,,
I518f2d28fe,images/I518f2d28fe.jpg,sandwich,,,,,
I0037c0a1dd,images/I0037c0a1dd.jpg,cat,,,,,
Ib173317ce6,images/Ib173317ce6.jpg,dog,,,,,
I573d9a7bcc,images/I573d9a7bcc.jpg,dog,,,,,
I4112a1746c,images/I4112a1746c.jpg,bird,,,,,
I52b1ee46f9,images/I52b1ee46f9.jpg,bird,,,,,
I198d6e6f1b,images/I198d6e6f1b.jpg,sandwich,,,,,
I5ba85535b3,images/I5ba85535b3.jpg,cat,,,,,
I0d7598bff8,images/I0d7598bff8.jpg,dog,,,,,
Ie5599d151b,images/Ie5599d151b.jpg,dog,,,,,
I40691f466b,images/I40691f466b.jpg,sandwich,,,,,
Ie662f03840,images/Ie662f03840.jpg,dog,,,,,
I8a4d1b027f,images/I8a4d1b027f.jpg,cat,,,,,
I61db37d581,images/I61db37d581.jpg,cat,,,,,
Id60f1b0c9a,images/Id60f1b0c9a.jpg,bird,,,,,
Ia1351551e9,images/Ia1351551e9.jpg,cat,,,,,
I2a3118d24a,images/I2a3118d24a.jpg,dog,,,,,
I3b1e184b47,images/I3b1e184b47.jpg,sandwich,,,,,
Ifff93002f5,images/Ifff93002f5.jpg,bird,,,,,
I887312fe05,images/I887312fe05.jpg,sandwich,,,,,
I3ea700f259,images/I3ea700f259.jpg,cat,,,,,
I0ddcfe8bcc,images/I0ddcfe8bcc.jpg,dog,,,,,
Idd61b913c1,images/Idd61b913c1.jpg,sandwich,,,,,
I5bd6492751,images/I5bd6492751.jpg,cat,,,,,
If98d925f63,images/If98d925f63.jpg,sandwich,,,,,
Ie4899f3faa,images/Ie4899f3faa.jpg,bird,,,,,
Iea027066f2,images/Iea027066f2.jpg,dog,,,,,
I20b4465074,images/I20b4465074.jpg,cat,,,,,
I6aaddd5334,images/I6aaddd5334.jpg,bird,,,,,
I7e2b13d332,images/I7e2b13d332.jpg,cat,,,,,
I93c81e0466,images/I93c81e0466.jpg,bird,,,,,
Ibbec3a147e,images/Ibbec3a147e.jpg,cat,,,,,
I05d57814e9,images/I05d57814e9.jpg,bird,,,,,
I772c34cfb3,images/I772c34cfb3.jpg,sandwich,,,,,
I30e68d7cb4,images/I30e68d7cb4.jpg,bird,,,,,
Ia3ced3a040,images/Ia3ced3a040.jpg,dog,,,,,
I7ea384da69,images/I7ea384da69.jpg,dog,,,,,
Id19a03d343,images/Id19a03d343.jpg,cat,,,,,
I3eabf53ea1,images/I3eabf53ea1.jpg,cat,,,,,
Ie2ebab4f81,images/Ie2ebab4f81.jpg,sandwich,,,,,
I3702faf247,images/I3702faf247.jpg,dog,,,,,
Id0b4aee1b8,images/Id0b4aee1b8.jpg,sandwich,,,,,
I8570d8cd53,images/I8570d8cd53.jpg,dog,,,,,
Iedf5057b0a,images/Iedf5057b0a.jpg,dog,,,,,
I733c20580c,images/I733c20580c.jpg,cat,,,,,
I09297d7a0b,images/I09297d7a0b.jpg,dog,,,,,
If307a8b326,images/If307a8b326.jpg,sandwich,,,,,
I829dc56ac6,images/I829dc56ac6.jpg,sandwich,,,,,
I734b59ef3e,images/I734b59ef3e.jpg,dog,,,,,
I07185b4a8e,images/I07185b4a8e.jpg,dog,,,,,
Ica9327e914,images/Ica9327e914.jpg,sandwich,,,,,
I2247228c0c,images/I2247228c0c.jpg,dog,,,,,
Ife0198f65e,images/Ife0198f65e.jpg,bird,,,,,
Ia03282adc1,images/Ia03282adc1.jpg,cat,,,,,
I177272a0d4,images/I177272a0d4.jpg,bird,,,,,
If6ca824a6d,images/If6ca824a6d.jpg,dog,,,,,
Ibba0a5bc54,images/Ibba0a5bc54.jpg,bird,,,,,
Id1d654ea8a,images/Id1d654ea8a.jpg,dog,,,,,
I5556e97736,images/I5556e97736.jpg,cat,,,,,
Icc1f3a7066,images/Icc1f3a7066.jpg,dog,,,,,
I7e060298d8,images/I7e060298d8.jpg,cat,,,,,
I8b7d3ef513,images/I8b7d3ef513.jpg,sandwich,,,,,
Iede0d0d6eb,images/Iede0d0d6eb.jpg,dog,,,,,
I251a337e90,images/I251a337e90.jpg,cat,,,,,
If71f707aa5,images/If71f707aa5.jpg,dog,,,,,
Ib4f32f8ada,images/Ib4f32f8ada.jpg,cat,,,,,
Ibd5b918494,images/Ibd5b918494.jpg,bird,,,,,
I20d75b2c8c,images/I20d75b2c8c.jpg,sandwich,,,,,
I9e3527b0d0,images/I9e3527b0d0.jpg,dog,,,,,
