seed,step,checkpoint,dog_hits,n_dog_pairs,dog_residue_pct,dog_suppression_pp_vs_own_MA,gate_suppression_ge_30pp,gate_residue_le_60pct,qualifies,mismatch_vs_L2_pp
17,,seed17_MA,66,80,82.5,0.0,,,,
17,,seed17_MAB_L2,42,80,52.5,30.0,,,,
17,100,seed17_U_step100,35,80,43.75,38.75,True,True,True,8.75
17,200,seed17_U_step200,19,80,23.75,58.75,True,True,True,28.75
17,300,seed17_U_step300,14,80,17.5,65.0,True,True,True,35.0
17,400,seed17_U_step400,9,80,11.25,71.25,True,True,True,41.25
17,500,seed17_U_step500,7,80,8.75,73.75,True,True,True,43.75
17,600,seed17_U_step600,6,80,7.5,75.0,True,True,True,45.0
17,700,seed17_U_step700,8,80,10.0,72.5,True,True,True,42.5
17,800,seed17_U_step800,6,80,7.5,75.0,True,True,True,45.0
17,900,seed17_U_step900,4,80,5.0,77.5,True,True,True,47.5
17,1000,seed17_U_step1000,3,80,3.75,78.75,True,True,True,48.75
29,,seed29_MA,66,80,82.5,0.0,,,,
29,,seed29_MAB_L2,39,80,48.75,33.75,,,,
29,100,seed29_U_step100,32,80,40.0,42.5,True,True,True,8.75
29,200,seed29_U_step200,16,80,20.0,62.5,True,True,True,28.75
29,300,seed29_U_step300,10,80,12.5,70.0,True,True,True,36.25
29,400,seed29_U_step400,12,80,15.0,67.5,True,True,True,33.75
29,500,seed29_U_step500,7,80,8.75,73.75,True,True,True,40.0
29,600,seed29_U_step600,8,80,10.0,72.5,True,True,True,38.75
29,700,seed29_U_step700,6,80,7.5,75.0,True,True,True,41.25
29,800,seed29_U_step800,6,80,7.5,75.0,True,True,True,41.25
29,900,seed29_U_step900,5,80,6.25,76.25,True,True,True,42.5
29,1000,seed29_U_step1000,1,80,1.25,81.25,True,True,True,47.5
