category,blind_row,prompt_family,gen_seed,target_visible__fill_in_yes_no_unsure,notes
cat,A,literal,101,,
cat,A,literal,202,,
cat,A,paraphrase,101,,
cat,A,paraphrase,202,,
cat,B,literal,101,,
cat,B,literal,202,,
cat,B,paraphrase,101,,
cat,B,paraphrase,202,,
cat,C,literal,101,,
cat,C,literal,202,,
cat,C,paraphrase,101,,
cat,C,paraphrase,202,,
cat,D,literal,101,,
cat,D,literal,202,,
cat,D,paraphrase,101,,
cat,D,paraphrase,202,,
cat,E,literal,101,,
cat,E,literal,202,,
cat,E,paraphrase,101,,
cat,E,paraphrase,202,,
cat,F,literal,101,,
cat,F,literal,202,,
cat,F,paraphrase,101,,
cat,F,paraphrase,202,,
dog,A,literal,101,,
dog,A,literal,202,,
dog,A,paraphrase,101,,
dog,A,paraphrase,202,,
dog,B,literal,101,,
dog,B,literal,202,,
dog,B,paraphrase,101,,
dog,B,paraphrase,202,,
dog,C,literal,101,,
dog,C,literal,202,,
dog,C,paraphrase,101,,
dog,C,paraphrase,202,,
dog,D,literal,101,,
dog,D,literal,202,,
dog,D,paraphrase,101,,
dog,D,paraphrase,202,,
dog,E,literal,101,,
dog,E,literal,202,,
dog,E,paraphrase,101,,
dog,E,paraphrase,202,,
dog,F,literal,101,,
dog,F,literal,202,,
dog,F,paraphrase,101,,
dog,F,paraphrase,202,,
sandwich,A,literal,101,,
sandwich,A,literal,202,,
sandwich,A,paraphrase,101,,
sandwich,A,paraphrase,202,,
sandwich,B,literal,101,,
sandwich,B,literal,202,,
sandwich,B,paraphrase,101,,
sandwich,B,paraphrase,202,,
sandwich,C,literal,101,,
sandwich,C,literal,202,,
sandwich,C,paraphrase,101,,
sandwich,C,paraphrase,202,,
sandwich,D,literal,101,,
sandwich,D,literal,202,,
sandwich,D,paraphrase,101,,
sandwich,D,paraphrase,202,,
sandwich,E,literal,101,,
sandwich,E,literal,202,,
sandwich,E,paraphrase,101,,
sandwich,E,paraphrase,202,,
sandwich,F,literal,101,,
sandwich,F,literal,202,,
sandwich,F,paraphrase,101,,
sandwich,F,paraphrase,202,,
horse,A,literal,101,,
horse,A,literal,202,,
horse,A,paraphrase,101,,
horse,A,paraphrase,202,,
horse,B,literal,101,,
horse,B,literal,202,,
horse,B,paraphrase,101,,
horse,B,paraphrase,202,,
horse,C,literal,101,,
horse,C,literal,202,,
horse,C,paraphrase,101,,
horse,C,paraphrase,202,,
horse,D,literal,101,,
horse,D,literal,202,,
horse,D,paraphrase,101,,
horse,D,paraphrase,202,,
horse,E,literal,101,,
horse,E,literal,202,,
horse,E,paraphrase,101,,
horse,E,paraphrase,202,,
horse,F,literal,101,,
horse,F,literal,202,,
horse,F,paraphrase,101,,
horse,F,paraphrase,202,,
bird,A,literal,101,,
bird,A,literal,202,,
bird,A,paraphrase,101,,
bird,A,paraphrase,202,,
bird,B,literal,101,,
bird,B,literal,202,,
bird,B,paraphrase,101,,
bird,B,paraphrase,202,,
bird,C,literal,101,,
bird,C,literal,202,,
bird,C,paraphrase,101,,
bird,C,paraphrase,202,,
bird,D,literal,101,,
bird,D,literal,202,,
bird,D,paraphrase,101,,
bird,D,paraphrase,202,,
bird,E,literal,101,,
bird,E,literal,202,,
bird,E,paraphrase,101,,
bird,E,paraphrase,202,,
bird,F,literal,101,,
bird,F,literal,202,,
bird,F,paraphrase,101,,
bird,F,paraphrase,202,,
