item_id,image,category_to_judge,question,answer_yes_no_unsure,notes
item_83f079646f9a,images/item_83f079646f9a.jpg,sandwich,Is a clearly recognisable sandwich present in this image?,,
item_2b80752d0aab,images/item_2b80752d0aab.jpg,bicycle,Is a clearly recognisable bicycle present in this image?,,
item_4761d43b9996,images/item_4761d43b9996.jpg,chair,Is a clearly recognisable chair present in this image?,,
item_2c502a707eef,images/item_2c502a707eef.jpg,cat,Is a clearly recognisable cat present in this image?,,
item_e25626c25e32,images/item_e25626c25e32.jpg,bird,Is a clearly recognisable bird present in this image?,,
item_cb367a2d4828,images/item_cb367a2d4828.jpg,cat,Is a clearly recognisable cat present in this image?,,
item_a22ae49d10e7,images/item_a22ae49d10e7.jpg,bicycle,Is a clearly recognisable bicycle present in this image?,,
item_b302bc2134d1,images/item_b302bc2134d1.jpg,horse,Is a clearly recognisable horse present in this image?,,
item_b2000739591d,images/item_b2000739591d.jpg,sandwich,Is a clearly recognisable sandwich present in this image?,,
item_81878e5f0414,images/item_81878e5f0414.jpg,cat,Is a clearly recognisable cat present in this image?,,
item_12cede3aa5ef,images/item_12cede3aa5ef.jpg,bird,Is a clearly recognisable bird present in this image?,,
item_fe5206cc7013,images/item_fe5206cc7013.jpg,sandwich,Is a clearly recognisable sandwich present in this image?,,
item_99312e64d0e8,images/item_99312e64d0e8.jpg,chair,Is a clearly recognisable chair present in this image?,,
item_66713036add3,images/item_66713036add3.jpg,chair,Is a clearly recognisable chair present in this image?,,
item_9963dfebb08d,images/item_9963dfebb08d.jpg,chair,Is a clearly recognisable chair present in this image?,,
item_88feddad362f,images/item_88feddad362f.jpg,cat,Is a clearly recognisable cat present in this image?,,
item_660630072a95,images/item_660630072a95.jpg,dog,Is a clearly recognisable dog present in this image?,,
item_f03b6d1ba4c2,images/item_f03b6d1ba4c2.jpg,chair,Is a clearly recognisable chair present in this image?,,
item_eea09c504c57,images/item_eea09c504c57.jpg,chair,Is a clearly recognisable chair present in this image?,,
item_92fd86052fda,images/item_92fd86052fda.jpg,chair,Is a clearly recognisable chair present in this image?,,
item_4b61f40a8f6a,images/item_4b61f40a8f6a.jpg,dog,Is a clearly recognisable dog present in this image?,,
item_a4ca73b38c4e,images/item_a4ca73b38c4e.jpg,bicycle,Is a clearly recognisable bicycle present in this image?,,
item_fdd4d689df09,images/item_fdd4d689df09.jpg,sandwich,Is a clearly recognisable sandwich present in this image?,,
item_f3013e17a708,images/item_f3013e17a708.jpg,bicycle,Is a clearly recognisable bicycle present in this image?,,
item_e0b891e7f174,images/item_e0b891e7f174.jpg,chair,Is a clearly recognisable chair present in this image?,,
item_7913a2488d10,images/item_7913a2488d10.jpg,bird,Is a clearly recognisable bird present in this image?,,
item_6d7213cb06e4,images/item_6d7213cb06e4.jpg,bicycle,Is a clearly recognisable bicycle present in this image?,,
item_df6e39b2b99f,images/item_df6e39b2b99f.jpg,sandwich,Is a clearly recognisable sandwich present in this image?,,
item_466966116123,images/item_466966116123.jpg,chair,Is a clearly recognisable chair present in this image?,,
item_b445f9c62c4e,images/item_b445f9c62c4e.jpg,bicycle,Is a clearly recognisable bicycle present in this image?,,
item_13f57f1c89f9,images/item_13f57f1c89f9.jpg,bird,Is a clearly recognisable bird present in this image?,,
item_1fcbfc726f45,images/item_1fcbfc726f45.jpg,bicycle,Is a clearly recognisable bicycle present in this image?,,
item_b90b4e84fdc0,images/item_b90b4e84fdc0.jpg,chair,Is a clearly recognisable chair present in this image?,,
item_9e758038580e,images/item_9e758038580e.jpg,bicycle,Is a clearly recognisable bicycle present in this image?,,
item_502d686acc81,images/item_502d686acc81.jpg,sandwich,Is a clearly recognisable sandwich present in this image?,,
item_5bdb6c9d62a8,images/item_5bdb6c9d62a8.jpg,chair,Is a clearly recognisable chair present in this image?,,
item_23ca4d144d44,images/item_23ca4d144d44.jpg,bicycle,Is a clearly recognisable bicycle present in this image?,,
item_3175c9e443e4,images/item_3175c9e443e4.jpg,sandwich,Is a clearly recognisable sandwich present in this image?,,
item_090e12e647bd,images/item_090e12e647bd.jpg,cat,Is a clearly recognisable cat present in this image?,,
item_be15c6db36d4,images/item_be15c6db36d4.jpg,sandwich,Is a clearly recognisable sandwich present in this image?,,
item_5abcd7750ba9,images/item_5abcd7750ba9.jpg,cat,Is a clearly recognisable cat present in this image?,,
item_6ababad3813b,images/item_6ababad3813b.jpg,bicycle,Is a clearly recognisable bicycle present in this image?,,
item_9806bc9eafa7,images/item_9806bc9eafa7.jpg,cat,Is a clearly recognisable cat present in this image?,,
item_0d715859dbd4,images/item_0d715859dbd4.jpg,dog,Is a clearly recognisable dog present in this image?,,
item_07f674eb1db1,images/item_07f674eb1db1.jpg,bird,Is a clearly recognisable bird present in this image?,,
item_faa1e320971b,images/item_faa1e320971b.jpg,cat,Is a clearly recognisable cat present in this image?,,
item_83bb3e91f2f8,images/item_83bb3e91f2f8.jpg,cat,Is a clearly recognisable cat present in this image?,,
item_a77f3cb53b9f,images/item_a77f3cb53b9f.jpg,horse,Is a clearly recognisable horse present in this image?,,
item_6113afad1c78,images/item_6113afad1c78.jpg,sandwich,Is a clearly recognisable sandwich present in this image?,,
item_43e741a4c332,images/item_43e741a4c332.jpg,dog,Is a clearly recognisable dog present in this image?,,
item_ae82e7e58265,images/item_ae82e7e58265.jpg,dog,Is a clearly recognisable dog present in this image?,,
item_1ffd96bbe511,images/item_1ffd96bbe511.jpg,bicycle,Is a clearly recognisable bicycle present in this image?,,
item_51393cccb27e,images/item_51393cccb27e.jpg,bird,Is a clearly recognisable bird present in this image?,,
item_f3615540efe0,images/item_f3615540efe0.jpg,chair,Is a clearly recognisable chair present in this image?,,
item_98114f501674,images/item_98114f501674.jpg,horse,Is a clearly recognisable horse present in this image?,,
item_e42c6529797f,images/item_e42c6529797f.jpg,bicycle,Is a clearly recognisable bicycle present in this image?,,
item_606dac1030b5,images/item_606dac1030b5.jpg,cat,Is a clearly recognisable cat present in this image?,,
item_7c3c73de0ea7,images/item_7c3c73de0ea7.jpg,sandwich,Is a clearly recognisable sandwich present in this image?,,
item_8029220f2da0,images/item_8029220f2da0.jpg,dog,Is a clearly recognisable dog present in this image?,,
item_dcf0a2b253c4,images/item_dcf0a2b253c4.jpg,bird,Is a clearly recognisable bird present in this image?,,
item_7597c9a85a1b,images/item_7597c9a85a1b.jpg,sandwich,Is a clearly recognisable sandwich present in this image?,,
item_621cc5dda7c1,images/item_621cc5dda7c1.jpg,dog,Is a clearly recognisable dog present in this image?,,
item_31f7ee4198cd,images/item_31f7ee4198cd.jpg,horse,Is a clearly recognisable horse present in this image?,,
item_bd76e8b48b08,images/item_bd76e8b48b08.jpg,cat,Is a clearly recognisable cat present in this image?,,
item_97c46dd709df,images/item_97c46dd709df.jpg,bird,Is a clearly recognisable bird present in this image?,,
item_cd93a4cd43c5,images/item_cd93a4cd43c5.jpg,dog,Is a clearly recognisable dog present in this image?,,
item_89d9f5bf0ad0,images/item_89d9f5bf0ad0.jpg,chair,Is a clearly recognisable chair present in this image?,,
item_a73dbcd6847c,images/item_a73dbcd6847c.jpg,bicycle,Is a clearly recognisable bicycle present in this image?,,
item_3c13ae769605,images/item_3c13ae769605.jpg,horse,Is a clearly recognisable horse present in this image?,,
item_6c22d9e8f772,images/item_6c22d9e8f772.jpg,chair,Is a clearly recognisable chair present in this image?,,
item_e37d0f32e7a0,images/item_e37d0f32e7a0.jpg,bicycle,Is a clearly recognisable bicycle present in this image?,,
item_c9fce759ec68,images/item_c9fce759ec68.jpg,horse,Is a clearly recognisable horse present in this image?,,
item_e1f3a725124d,images/item_e1f3a725124d.jpg,dog,Is a clearly recognisable dog present in this image?,,
item_c8d2603c044d,images/item_c8d2603c044d.jpg,cat,Is a clearly recognisable cat present in this image?,,
item_1d4753fdf2d9,images/item_1d4753fdf2d9.jpg,dog,Is a clearly recognisable dog present in this image?,,
item_214b070190a8,images/item_214b070190a8.jpg,sandwich,Is a clearly recognisable sandwich present in this image?,,
item_657c4e6abd44,images/item_657c4e6abd44.jpg,horse,Is a clearly recognisable horse present in this image?,,
item_3f07d4f5bf77,images/item_3f07d4f5bf77.jpg,horse,Is a clearly recognisable horse present in this image?,,
item_8a35e5342362,images/item_8a35e5342362.jpg,bicycle,Is a clearly recognisable bicycle present in this image?,,
item_91d4897e4ed7,images/item_91d4897e4ed7.jpg,dog,Is a clearly recognisable dog present in this image?,,
item_46a3df12512f,images/item_46a3df12512f.jpg,chair,Is a clearly recognisable chair present in this image?,,
item_f49b8de608f0,images/item_f49b8de608f0.jpg,cat,Is a clearly recognisable cat present in this image?,,
item_65123ed4080c,images/item_65123ed4080c.jpg,sandwich,Is a clearly recognisable sandwich present in this image?,,
item_20ec0d91f4f0,images/item_20ec0d91f4f0.jpg,sandwich,Is a clearly recognisable sandwich present in this image?,,
item_0e949d1bc563,images/item_0e949d1bc563.jpg,chair,Is a clearly recognisable chair present in this image?,,
item_c89311784c7a,images/item_c89311784c7a.jpg,bicycle,Is a clearly recognisable bicycle present in this image?,,
item_52c076783e4b,images/item_52c076783e4b.jpg,chair,Is a clearly recognisable chair present in this image?,,
item_2d66e945d703,images/item_2d66e945d703.jpg,cat,Is a clearly recognisable cat present in this image?,,
item_bafa8923c4cd,images/item_bafa8923c4cd.jpg,sandwich,Is a clearly recognisable sandwich present in this image?,,
item_cc2ad8440491,images/item_cc2ad8440491.jpg,dog,Is a clearly recognisable dog present in this image?,,
item_c62ce5fba778,images/item_c62ce5fba778.jpg,bicycle,Is a clearly recognisable bicycle present in this image?,,
item_4abbbd9f0e54,images/item_4abbbd9f0e54.jpg,cat,Is a clearly recognisable cat present in this image?,,
item_2e47bc439097,images/item_2e47bc439097.jpg,horse,Is a clearly recognisable horse present in this image?,,
item_89e18ec969af,images/item_89e18ec969af.jpg,horse,Is a clearly recognisable horse present in this image?,,
item_c7838b37dabe,images/item_c7838b37dabe.jpg,chair,Is a clearly recognisable chair present in this image?,,
item_5e03e861536c,images/item_5e03e861536c.jpg,cat,Is a clearly recognisable cat present in this image?,,
item_9d9a728e5137,images/item_9d9a728e5137.jpg,dog,Is a clearly recognisable dog present in this image?,,
item_3e4fe1f49150,images/item_3e4fe1f49150.jpg,sandwich,Is a clearly recognisable sandwich present in this image?,,
item_0373d2c9d37d,images/item_0373d2c9d37d.jpg,sandwich,Is a clearly recognisable sandwich present in this image?,,
item_1aaafb3c5e58,images/item_1aaafb3c5e58.jpg,chair,Is a clearly recognisable chair present in this image?,,
item_02c2634bf73b,images/item_02c2634bf73b.jpg,bird,Is a clearly recognisable bird present in this image?,,
item_8c830f4f7c00,images/item_8c830f4f7c00.jpg,cat,Is a clearly recognisable cat present in this image?,,
item_6b0344233d4f,images/item_6b0344233d4f.jpg,bicycle,Is a clearly recognisable bicycle present in this image?,,
item_d2ef54c526cb,images/item_d2ef54c526cb.jpg,chair,Is a clearly recognisable chair present in this image?,,
item_35f892a4dcc9,images/item_35f892a4dcc9.jpg,cat,Is a clearly recognisable cat present in this image?,,
item_c595d98f5692,images/item_c595d98f5692.jpg,chair,Is a clearly recognisable chair present in this image?,,
item_983c9687e986,images/item_983c9687e986.jpg,dog,Is a clearly recognisable dog present in this image?,,
item_ad20c5c3806d,images/item_ad20c5c3806d.jpg,sandwich,Is a clearly recognisable sandwich present in this image?,,
item_8370a9db4cd8,images/item_8370a9db4cd8.jpg,bird,Is a clearly recognisable bird present in this image?,,
item_099dfdbfe754,images/item_099dfdbfe754.jpg,dog,Is a clearly recognisable dog present in this image?,,
item_be2598df3d48,images/item_be2598df3d48.jpg,dog,Is a clearly recognisable dog present in this image?,,
item_d186a74bf2b0,images/item_d186a74bf2b0.jpg,bird,Is a clearly recognisable bird present in this image?,,
item_6c1e3dc4ff59,images/item_6c1e3dc4ff59.jpg,dog,Is a clearly recognisable dog present in this image?,,
item_ed924c94a1c4,images/item_ed924c94a1c4.jpg,cat,Is a clearly recognisable cat present in this image?,,
item_b8f134ea9627,images/item_b8f134ea9627.jpg,bird,Is a clearly recognisable bird present in this image?,,
item_684fd74d6484,images/item_684fd74d6484.jpg,cat,Is a clearly recognisable cat present in this image?,,
item_8be7a4421f12,images/item_8be7a4421f12.jpg,horse,Is a clearly recognisable horse present in this image?,,
item_6aa5dca3dd89,images/item_6aa5dca3dd89.jpg,sandwich,Is a clearly recognisable sandwich present in this image?,,
item_f55fba6dbe27,images/item_f55fba6dbe27.jpg,bicycle,Is a clearly recognisable bicycle present in this image?,,
item_2dda131fd58b,images/item_2dda131fd58b.jpg,bird,Is a clearly recognisable bird present in this image?,,
item_a09e4177a215,images/item_a09e4177a215.jpg,dog,Is a clearly recognisable dog present in this image?,,
item_3dd403a744d2,images/item_3dd403a744d2.jpg,horse,Is a clearly recognisable horse present in this image?,,
item_1779f4c94193,images/item_1779f4c94193.jpg,horse,Is a clearly recognisable horse present in this image?,,
item_d05ea33edf30,images/item_d05ea33edf30.jpg,cat,Is a clearly recognisable cat present in this image?,,
item_fb3d2dede980,images/item_fb3d2dede980.jpg,chair,Is a clearly recognisable chair present in this image?,,
item_5ac8bd902e41,images/item_5ac8bd902e41.jpg,horse,Is a clearly recognisable horse present in this image?,,
item_a3d687add9b3,images/item_a3d687add9b3.jpg,dog,Is a clearly recognisable dog present in this image?,,
item_c7a136e4c19c,images/item_c7a136e4c19c.jpg,bird,Is a clearly recognisable bird present in this image?,,
item_9dea72e0ab02,images/item_9dea72e0ab02.jpg,sandwich,Is a clearly recognisable sandwich present in this image?,,
item_38a12ef252e7,images/item_38a12ef252e7.jpg,bird,Is a clearly recognisable bird present in this image?,,
item_24bf8eba57ea,images/item_24bf8eba57ea.jpg,cat,Is a clearly recognisable cat present in this image?,,
item_6347695a391c,images/item_6347695a391c.jpg,cat,Is a clearly recognisable cat present in this image?,,
item_0ec4a1760977,images/item_0ec4a1760977.jpg,horse,Is a clearly recognisable horse present in this image?,,
item_60bbb4832a57,images/item_60bbb4832a57.jpg,sandwich,Is a clearly recognisable sandwich present in this image?,,
item_59c0e9db54e7,images/item_59c0e9db54e7.jpg,cat,Is a clearly recognisable cat present in this image?,,
item_e1f267ffa538,images/item_e1f267ffa538.jpg,bicycle,Is a clearly recognisable bicycle present in this image?,,
item_b5cea0157d4c,images/item_b5cea0157d4c.jpg,sandwich,Is a clearly recognisable sandwich present in this image?,,
item_dceaef82f732,images/item_dceaef82f732.jpg,chair,Is a clearly recognisable chair present in this image?,,
item_147ac2ab43e9,images/item_147ac2ab43e9.jpg,sandwich,Is a clearly recognisable sandwich present in this image?,,
item_c64509da3115,images/item_c64509da3115.jpg,horse,Is a clearly recognisable horse present in this image?,,
item_8e63742822c2,images/item_8e63742822c2.jpg,bird,Is a clearly recognisable bird present in this image?,,
item_fb2c24791c96,images/item_fb2c24791c96.jpg,sandwich,Is a clearly recognisable sandwich present in this image?,,
item_b4954e87273c,images/item_b4954e87273c.jpg,bicycle,Is a clearly recognisable bicycle present in this image?,,
item_1346bd7cea5b,images/item_1346bd7cea5b.jpg,dog,Is a clearly recognisable dog present in this image?,,
item_1bc8847a9afa,images/item_1bc8847a9afa.jpg,bird,Is a clearly recognisable bird present in this image?,,
item_86b66f7a93d7,images/item_86b66f7a93d7.jpg,bird,Is a clearly recognisable bird present in this image?,,
item_1803cce453f9,images/item_1803cce453f9.jpg,bird,Is a clearly recognisable bird present in this image?,,
item_47d93ba63eb7,images/item_47d93ba63eb7.jpg,cat,Is a clearly recognisable cat present in this image?,,
item_662ef4055b62,images/item_662ef4055b62.jpg,dog,Is a clearly recognisable dog present in this image?,,
item_ca4f7d4c7f5a,images/item_ca4f7d4c7f5a.jpg,bicycle,Is a clearly recognisable bicycle present in this image?,,
item_9669be4e8814,images/item_9669be4e8814.jpg,dog,Is a clearly recognisable dog present in this image?,,
item_0f0844618779,images/item_0f0844618779.jpg,sandwich,Is a clearly recognisable sandwich present in this image?,,
item_a0381f06b295,images/item_a0381f06b295.jpg,dog,Is a clearly recognisable dog present in this image?,,
item_87e170a101fe,images/item_87e170a101fe.jpg,dog,Is a clearly recognisable dog present in this image?,,
item_c029562b3f03,images/item_c029562b3f03.jpg,bicycle,Is a clearly recognisable bicycle present in this image?,,
item_a2c514b2fcf5,images/item_a2c514b2fcf5.jpg,cat,Is a clearly recognisable cat present in this image?,,
item_45d63dd4c80b,images/item_45d63dd4c80b.jpg,chair,Is a clearly recognisable chair present in this image?,,
item_5aabcbfd82a0,images/item_5aabcbfd82a0.jpg,bird,Is a clearly recognisable bird present in this image?,,
item_6c649cccfaba,images/item_6c649cccfaba.jpg,bicycle,Is a clearly recognisable bicycle present in this image?,,
item_8d9f009d1fd2,images/item_8d9f009d1fd2.jpg,bird,Is a clearly recognisable bird present in this image?,,
item_7e5c07197a96,images/item_7e5c07197a96.jpg,bird,Is a clearly recognisable bird present in this image?,,
item_f05c3d694b63,images/item_f05c3d694b63.jpg,chair,Is a clearly recognisable chair present in this image?,,
item_845b46e23794,images/item_845b46e23794.jpg,cat,Is a clearly recognisable cat present in this image?,,
item_d72228bd2607,images/item_d72228bd2607.jpg,bicycle,Is a clearly recognisable bicycle present in this image?,,
item_9dcf51b96065,images/item_9dcf51b96065.jpg,sandwich,Is a clearly recognisable sandwich present in this image?,,
item_f42715b729d6,images/item_f42715b729d6.jpg,dog,Is a clearly recognisable dog present in this image?,,
item_7141938a38d1,images/item_7141938a38d1.jpg,bird,Is a clearly recognisable bird present in this image?,,
item_be619d88d4e8,images/item_be619d88d4e8.jpg,dog,Is a clearly recognisable dog present in this image?,,
item_fff832f9ea15,images/item_fff832f9ea15.jpg,chair,Is a clearly recognisable chair present in this image?,,
item_395c48a5eac4,images/item_395c48a5eac4.jpg,sandwich,Is a clearly recognisable sandwich present in this image?,,
item_e0c354d0b88e,images/item_e0c354d0b88e.jpg,cat,Is a clearly recognisable cat present in this image?,,
item_fa70bc3c63f4,images/item_fa70bc3c63f4.jpg,sandwich,Is a clearly recognisable sandwich present in this image?,,
item_24fdca63f3b7,images/item_24fdca63f3b7.jpg,horse,Is a clearly recognisable horse present in this image?,,
item_1d22e698ad29,images/item_1d22e698ad29.jpg,chair,Is a clearly recognisable chair present in this image?,,
item_e6227bcd5b85,images/item_e6227bcd5b85.jpg,chair,Is a clearly recognisable chair present in this image?,,
item_bb1016a46d42,images/item_bb1016a46d42.jpg,dog,Is a clearly recognisable dog present in this image?,,
item_15ebdc995852,images/item_15ebdc995852.jpg,cat,Is a clearly recognisable cat present in this image?,,
item_06d4085c202a,images/item_06d4085c202a.jpg,dog,Is a clearly recognisable dog present in this image?,,
item_70fee9069d59,images/item_70fee9069d59.jpg,horse,Is a clearly recognisable horse present in this image?,,
item_c1c39e7f20ab,images/item_c1c39e7f20ab.jpg,bird,Is a clearly recognisable bird present in this image?,,
item_a9ecab4f4ecb,images/item_a9ecab4f4ecb.jpg,horse,Is a clearly recognisable horse present in this image?,,
item_2aeb2a5390ff,images/item_2aeb2a5390ff.jpg,cat,Is a clearly recognisable cat present in this image?,,
item_97cf52b0c2fe,images/item_97cf52b0c2fe.jpg,horse,Is a clearly recognisable horse present in this image?,,
item_bc1e24766380,images/item_bc1e24766380.jpg,horse,Is a clearly recognisable horse present in this image?,,
item_b4319d111dca,images/item_b4319d111dca.jpg,cat,Is a clearly recognisable cat present in this image?,,
item_7c6feb51c3be,images/item_7c6feb51c3be.jpg,sandwich,Is a clearly recognisable sandwich present in this image?,,
item_e9bcfddc3c91,images/item_e9bcfddc3c91.jpg,bird,Is a clearly recognisable bird present in this image?,,
item_aaa71bd1c1e1,images/item_aaa71bd1c1e1.jpg,chair,Is a clearly recognisable chair present in this image?,,
item_3c4c57489d86,images/item_3c4c57489d86.jpg,sandwich,Is a clearly recognisable sandwich present in this image?,,
item_7d78406e23a9,images/item_7d78406e23a9.jpg,sandwich,Is a clearly recognisable sandwich present in this image?,,
item_f11e59ddfcde,images/item_f11e59ddfcde.jpg,dog,Is a clearly recognisable dog present in this image?,,
item_8857d749f34f,images/item_8857d749f34f.jpg,dog,Is a clearly recognisable dog present in this image?,,
item_c96e5c4ce878,images/item_c96e5c4ce878.jpg,sandwich,Is a clearly recognisable sandwich present in this image?,,
item_6cf3c3cd93f9,images/item_6cf3c3cd93f9.jpg,chair,Is a clearly recognisable chair present in this image?,,
item_8dde9d1b9d78,images/item_8dde9d1b9d78.jpg,chair,Is a clearly recognisable chair present in this image?,,
item_75d719dca343,images/item_75d719dca343.jpg,horse,Is a clearly recognisable horse present in this image?,,
item_0f931f7b72d4,images/item_0f931f7b72d4.jpg,chair,Is a clearly recognisable chair present in this image?,,
item_6272ce0fe7b9,images/item_6272ce0fe7b9.jpg,bicycle,Is a clearly recognisable bicycle present in this image?,,
item_8772e26fa8fb,images/item_8772e26fa8fb.jpg,horse,Is a clearly recognisable horse present in this image?,,
item_bb9e3e4b597f,images/item_bb9e3e4b597f.jpg,bird,Is a clearly recognisable bird present in this image?,,
item_e8847df3f932,images/item_e8847df3f932.jpg,chair,Is a clearly recognisable chair present in this image?,,
item_530485029274,images/item_530485029274.jpg,bird,Is a clearly recognisable bird present in this image?,,
item_c005f485b432,images/item_c005f485b432.jpg,chair,Is a clearly recognisable chair present in this image?,,
item_5e46ffd2e039,images/item_5e46ffd2e039.jpg,chair,Is a clearly recognisable chair present in this image?,,
item_b0b3cdeb5b62,images/item_b0b3cdeb5b62.jpg,horse,Is a clearly recognisable horse present in this image?,,
item_3f50bf1ec06d,images/item_3f50bf1ec06d.jpg,horse,Is a clearly recognisable horse present in this image?,,
item_9b45bdfc7b1d,images/item_9b45bdfc7b1d.jpg,dog,Is a clearly recognisable dog present in this image?,,
item_15459b7e0e32,images/item_15459b7e0e32.jpg,chair,Is a clearly recognisable chair present in this image?,,
item_ae8b3ad388bb,images/item_ae8b3ad388bb.jpg,chair,Is a clearly recognisable chair present in this image?,,
item_8e0cadbf4479,images/item_8e0cadbf4479.jpg,sandwich,Is a clearly recognisable sandwich present in this image?,,
item_b6426a25f4e2,images/item_b6426a25f4e2.jpg,chair,Is a clearly recognisable chair present in this image?,,
item_ec0dc96ed32b,images/item_ec0dc96ed32b.jpg,sandwich,Is a clearly recognisable sandwich present in this image?,,
item_566fcad07894,images/item_566fcad07894.jpg,bird,Is a clearly recognisable bird present in this image?,,
item_c1f22e5bbcbf,images/item_c1f22e5bbcbf.jpg,sandwich,Is a clearly recognisable sandwich present in this image?,,
item_fe850e9a38bf,images/item_fe850e9a38bf.jpg,horse,Is a clearly recognisable horse present in this image?,,
item_47e80bc38c75,images/item_47e80bc38c75.jpg,bicycle,Is a clearly recognisable bicycle present in this image?,,
item_766c1a556e54,images/item_766c1a556e54.jpg,chair,Is a clearly recognisable chair present in this image?,,
item_1a8c0d807fcc,images/item_1a8c0d807fcc.jpg,dog,Is a clearly recognisable dog present in this image?,,
item_1fd627b0c0b8,images/item_1fd627b0c0b8.jpg,sandwich,Is a clearly recognisable sandwich present in this image?,,
item_2646f571c694,images/item_2646f571c694.jpg,bird,Is a clearly recognisable bird present in this image?,,
item_3cbd5338f881,images/item_3cbd5338f881.jpg,bird,Is a clearly recognisable bird present in this image?,,
item_84831a3a7b40,images/item_84831a3a7b40.jpg,bicycle,Is a clearly recognisable bicycle present in this image?,,
item_d195337d23e0,images/item_d195337d23e0.jpg,sandwich,Is a clearly recognisable sandwich present in this image?,,
item_39af8605c984,images/item_39af8605c984.jpg,cat,Is a clearly recognisable cat present in this image?,,
item_9ef28205745e,images/item_9ef28205745e.jpg,bird,Is a clearly recognisable bird present in this image?,,
item_fb6dd6b236fa,images/item_fb6dd6b236fa.jpg,bicycle,Is a clearly recognisable bicycle present in this image?,,
item_b395361add43,images/item_b395361add43.jpg,chair,Is a clearly recognisable chair present in this image?,,
item_1be0e1465165,images/item_1be0e1465165.jpg,horse,Is a clearly recognisable horse present in this image?,,
